"id","submitdate","lastpage","startlanguage","seed","startdate","datestamp","alter","geschlecht","schule","sport01","sport02[SQ001]","sport02[SQ002]","sport02[SQ003]","sport02[SQ004]","sport02[SQ005]","sport02[SQ006]","sport02[SQ007]","sport02[SQ008]","sport02[SQ009]","sport02[SQ010]","sport02[SQ011]","sport02[SQ013]","sport02[SQ012]","ernaehrung01","ernaehrung02[SQ001]","ernaehrung02[SQ002]","ernaehrung02[SQ003]","ernaehrung02[SQ004]","ernaehrung02[SQ005]","ernaehrung03","ernaehrung04","preis01","preis02","preis03","preis04","interviewtime","groupTime64","alterTime","geschlechtTime","schuleTime","groupTime65","sport01Time","sport02Time","groupTime66","ernaehrung01Time","ernaehrung02Time","ernaehrung03Time","ernaehrung04Time","groupTime67","preis01Time","preis02Time","preis03Time","preis04Time"
"318","2021-05-28 08:49:09","4","en","562844481","2021-05-28 08:45:55","2021-05-28 08:49:09","26","A1","A1","A2","0","0","0","0","0","0","0","0","0","0","0","0","1","A2","A1","A4","A1","A3","A4","5","A2","0.8","0.75","0.5","0.75","195.44","15.35","","","","27.54","","","64.32","","","","","88.23","","","",""
"319","2021-05-28 08:50:42","4","en","1398186022","2021-05-28 08:46:10","2021-05-28 08:50:42","30","A2","A1","A3","1","0","0","0","0","0","0","0","0","0","0","0","0","A3","A1","A3","A3","A1","A1","35","A1","1","0.5","0.4","0.3","273.9","58.45","","","","64.13","","","67","","","","","84.32","","","",""
"320","2021-05-28 08:49:59","4","en","504208647","2021-05-28 08:46:12","2021-05-28 08:49:59","23","A2","A1","A4","0","0","0","1","0","0","0","0","0","0","0","0","0","A4","A1","A4","A1","A3","A3","3","A1","3","1.5","0.5","1.25","229.35","67.53","","","","25.55","","","53.7","","","","","82.57","","","",""
"321","2021-05-28 08:48:41","4","en","573439353","2021-05-28 08:46:29","2021-05-28 08:48:41","60","A1","A1","A1","","","","","","","","","","","","","","A2","A1","A2","A2","A4","A3","3","A6","1.5","1.5","0.4","1","133.29","13.12","","","","6.47","","","46.39","","","","","67.31","","","",""
"322","2021-05-28 08:49:22","4","en","1927248115","2021-05-28 08:46:46","2021-05-28 08:49:22","36","A1","A1","A2","0","0","0","0","0","0","0","0","0","0","0","0","1","A2","A1","A1","A3","A4","A1","5","A1","2.5","1.5","0.6","0.6","157.05","21.08","","","","25.23","","","65.43","","","","","45.31","","","",""
"323","2021-05-28 08:50:52","4","en","1001040996","2021-05-28 08:48:29","2021-05-28 08:50:52","32","A1","A1","A1","","","","","","","","","","","","","","A4","A1","A4","A2","A3","A4","8","A1","1","0.8","0","0.75","145.06","14.09","","","","7.16","","","68.95","","","","","54.86","","","",""
"324","2021-05-28 08:54:01","4","en","1891019538","2021-05-28 08:51:35","2021-05-28 08:54:01","53","A2","A1","A1","","","","","","","","","","","","","","A1","A2","A4","A2","A3","A3","1","A1","0.75","0.75","0.5","0.5","147.42","15.11","","","","7.08","","","66.65","","","","","58.58","","","",""
"325","2021-05-28 08:55:37","4","en","523864799","2021-05-28 08:52:03","2021-05-28 08:55:37","26","A1","A1","A1","","","","","","","","","","","","","","A2","A1","A4","A2","A4","A3","7","A1","1.25","0.95","0.4","0.85","215.73","28.56","","","","22.29","","","58.19","","","","","106.69","","","",""
"326","2021-05-28 08:56:32","4","en","1590634637","2021-05-28 08:54:31","2021-05-28 08:56:32","22","A1","A1","A3","0","0","0","0","0","0","0","0","0","1","0","0","1","A2","A1","A3","A2","A3","A2","5","A2","3","1.5","0.5","1","122.98","12.25","","","","24.62","","","32.44","","","","","53.67","","","",""
"327","2021-05-28 08:56:35","4","en","1846511262","2021-05-28 08:54:51","2021-05-28 08:56:35","22","A1","A2","A1","","","","","","","","","","","","","","A1","A1","A1","A1","A1","A3","5","A1","1.5","1","0.65","0.75","105.69","16.88","","","","7.25","","","33.29","","","","","48.27","","","",""
"328","2021-05-28 09:01:48","4","en","1304210426","2021-05-28 08:57:22","2021-05-28 09:01:48","22","A1","A1","A1","","","","","","","","","","","","","","A2","A1","A3","A2","A1","A1","1","A7","2","1","0.5","0.8","266.79","25.57","","","","14.9","","","107.24","","","","","119.08","","","",""
"329","2021-05-28 09:02:25","4","en","606056370","2021-05-28 09:00:23","2021-05-28 09:02:24","42","A1","A1","A3","1","0","1","0","1","1","0","0","0","1","0","0","0","A4","A1","A2","A4","A1","A1","12","A1","0.95","0.82","0.55","0.75","124.25","17.58","","","","16.93","","","35.74","","","","","54","","","",""
"330","2021-05-28 09:03:07","4","en","1842919919","2021-05-28 09:00:44","2021-05-28 09:03:07","18","A2","A1","A4","1","0","0","0","0","1","0","0","0","0","0","0","0","A2","A1","A3","A2","A4","A2","15","A1","0.75","0.7","0.5","0.65","144.2","8.32","","","","18.02","","","60.7","","","","","57.16","","","",""
"331","2021-05-28 09:02:38","4","en","1525663376","2021-05-28 09:00:57","2021-05-28 09:02:38","49","A2","A1","A1","","","","","","","","","","","","","","A2","A1","A3","A2","A2","A2","10","A1","4","4","1","2","102.93","15.23","","","","8.04","","","39.52","","","","","40.14","","","",""
"332","2021-05-28 09:08:25","4","en","1583650331","2021-05-28 09:01:47","2021-05-28 09:08:25","24","A2","A1","A3","1","0","0","0","0","0","0","0","0","0","0","0","1","A2","A1","A1","A2","A3","A1","3","A7","2","1","0.5","0.77","401.18","29.97","","","","27.85","","","106.53","","","","","236.83","","","",""
"333","2021-05-28 09:04:20","4","en","1965176454","2021-05-28 09:01:48","2021-05-28 09:04:20","26","A1","A1","A3","0","0","1","1","1","0","0","0","0","0","0","0","0","A3","A1","A5","A5","A1","A1","30","A1","2","1.5","0.25","1.2","153.08","18.09","","","","21.29","","","56.36","","","","","57.34","","","",""
"334","2021-05-28 09:03:15","4","en","654775705","2021-05-28 09:02:03","2021-05-28 09:03:15","32","A1","A1","A1","","","","","","","","","","","","","","A3","A1","A3","A2","A2","A4","7","A1","0.75","1","30","75","74.7","11.68","","","","8.42","","","27.63","","","","","26.97","","","",""
"335","2021-05-28 09:07:16","4","en","443733751","2021-05-28 09:03:39","2021-05-28 09:07:16","30","A2","A1","A4","0","0","0","1","0","0","0","0","0","0","0","0","1","A4","A1","A2","A1","A3","A1","4","A1","0.75","0.8","0.2","0.75","218.9","11.93","","","","26.01","","","103.99","","","","","76.97","","","",""
"336","2021-05-28 09:07:11","4","en","1285571518","2021-05-28 09:05:35","2021-05-28 09:07:11","22","A2","A1","A3","1","0","0","1","0","0","0","0","0","0","0","0","0","A2","A1","A3","A2","A2","A3","2","A7","1","0.9","0.75","0.85","98.68","9.5","","","","19.3","","","30.95","","","","","38.93","","","",""
"337","2021-05-28 09:08:12","4","en","1098880919","2021-05-28 09:06:01","2021-05-28 09:08:12","20","A2","A1","A3","0","0","0","1","0","0","0","0","0","0","0","0","0","A1","A1","A1","A3","A3","A1","1","A7","2","1.5","0.55","1.25","133.57","10.81","","","","20.67","","","47.95","","","","","54.14","","","",""
"338","2021-05-28 09:08:17","4","en","966142410","2021-05-28 09:06:42","2021-05-28 09:08:17","22","A2","A1","A3","1","0","1","1","0","1","0","0","1","0","1","0","0","A2","A1","A3","A3","A2","A3","5","A5","4","3","1","2","96.03","9.02","","","","13.97","","","35.58","","","","","37.46","","","",""
"339","2021-05-28 09:09:31","4","en","526660527","2021-05-28 09:07:21","2021-05-28 09:09:31","32","A2","A1","A3","0","0","1","0","0","0","0","0","0","0","0","0","1","A2","A1","A3","A2","A1","A2","5","A1","1.2","1","0.5","0.85","131.98","15.67","","","","24.83","","","45.41","","","","","46.07","","","",""
"340","2021-05-28 09:09:11","4","en","1331203935","2021-05-28 09:07:39","2021-05-28 09:09:11","21","A1","A1","A3","0","0","0","1","0","0","0","0","0","0","0","0","0","A3","A1","A4","A2","A2","A3","1","A4","1.5","1.5","0.2","1","94.88","10.83","","","","12.7","","","32.37","","","","","38.98","","","",""
"341","2021-05-28 09:11:33","4","en","2062281525","2021-05-28 09:09:06","2021-05-28 09:11:33","26","A1","A1","A1","","","","","","","","","","","","","","A2","A1","A3","A2","A4","A2","5","A1","1.5","1","0.3","0.8","149.22","11.87","","","","19.4","","","45.19","","","","","72.76","","","",""
"342","2021-05-28 09:12:27","4","en","1730847947","2021-05-28 09:09:19","2021-05-28 09:12:27","52","A1","A1","A1","","","","","","","","","","","","","","A2","A2","A2","A2","A2","A2","5","A1","0.8","0.85","0.4","0.65","190.17","30.98","","","","11.87","","","68.34","","","","","78.98","","","",""
"343","2021-05-28 09:11:00","4","en","604677700","2021-05-28 09:09:19","2021-05-28 09:11:00","53","A1","A1","A3","0","0","1","1","0","0","0","0","0","0","0","0","0","A1","A2","A2","A3","A3","A3","1","A1","1.5","1","0.4","1","103.76","11.93","","","","14.84","","","37.18","","","","","39.81","","","",""
"344","2021-05-28 09:11:25","4","en","413772735","2021-05-28 09:09:47","2021-05-28 09:11:25","29","A2","A1","A3","0","0","0","0","0","0","0","0","0","0","0","0","1","A3","A1","A1","A1","A1","A4","10","A1","0.75","1","2","0.75","100.45","11.88","","","","12.42","","","24.4","","","","","51.75","","","",""
"346","2021-05-28 09:12:36","4","en","851864760","2021-05-28 09:10:40","2021-05-28 09:12:36","25","A2","A1","A2","0","0","1","0","0","0","0","0","0","0","0","0","0","A3","A1","A4","A3","A3","A3","10","A1","1","1.25","0.1","0.75","117.87","11.14","","","","12.22","","","37.97","","","","","56.54","","","",""
"347","2021-05-28 09:12:53","4","en","113699","2021-05-28 09:10:46","2021-05-28 09:12:53","20","A1","A1","A1","","","","","","","","","","","","","","A2","A1","A5","A1","A1","A5","3","A1","3","1.5","1","1.15","129.6","13.35","","","","14.91","","","49.35","","","","","51.99","","","",""
"348","2021-05-28 09:13:56","4","en","1694318676","2021-05-28 09:11:14","2021-05-28 09:13:56","18","A2","A2","A2","0","0","1","1","0","1","0","0","0","0","1","0","0","A2","A2","A2","A1","A5","A2","1","A7","0.5","0.7","0.5","0.8","164.14","9.88","","","","13.96","","","97.3","","","","","43","","","",""
"349","2021-05-28 09:15:30","4","en","1156259262","2021-05-28 09:11:14","2021-05-28 09:15:30","21","A2","A1","A3","0","0","1","1","0","0","0","0","0","0","0","0","0","A2","A1","A5","A4","A4","A3","5","A7","4","3","0.3","2","257.08","32.52","","","","21.18","","","66.11","","","","","137.27","","","",""
"350","2021-05-28 09:14:29","4","en","1346600976","2021-05-28 09:11:44","2021-05-28 09:14:29","27","A1","A1","A2","0","0","0","1","0","0","0","0","0","0","0","0","0","A3","A1","A2","A2","A3","A1","5","A7","1.25","1","0.5","0.8","167.8","25.93","","","","19.9","","","52.52","","","","","69.45","","","",""
"351","2021-05-28 09:13:28","4","en","2111752145","2021-05-28 09:11:52","2021-05-28 09:13:28","32","A2","A1","A3","0","0","1","0","0","0","0","0","0","0","0","0","1","A3","A1","A3","A2","A2","A3","1","A1","1","1","0.4","0.6","98.22","9.64","","","","17.68","","","35.01","","","","","35.89","","","",""
"352","2021-05-28 09:15:35","4","en","1962213476","2021-05-28 09:12:05","2021-05-28 09:15:35","22","A2","A1","A2","0","0","1","1","0","0","0","1","1","0","0","0","0","A1","A1","A3","A1","A3","A4","3","A1","0.8","0.8","0.1","0.8","212.46","12.48","","","","24.79","","","87.69","","","","","87.5","","","",""
"353","2021-05-28 09:14:11","4","en","1936907358","2021-05-28 09:12:07","2021-05-28 09:14:11","29","A2","A1","A2","0","0","0","0","0","1","0","0","0","0","0","0","0","A3","A1","A5","A2","A4","A2","3","A1","2","1.5","0.6","0.75","126.07","11.51","","","","25.98","","","37.92","","","","","50.66","","","",""
"354","2021-05-28 09:15:17","4","en","284689172","2021-05-28 09:13:00","2021-05-28 09:15:17","27","A2","A1","A2","0","0","0","1","0","0","0","0","1","0","0","0","0","A1","A1","A3","A2","A2","A3","15","A1","1","1","0.6","1","139.19","13.94","","","","20.06","","","47.91","","","","","57.28","","","",""
"355","2021-05-28 09:16:25","4","en","164663846","2021-05-28 09:14:21","2021-05-28 09:16:25","21","A2","A1","A1","","","","","","","","","","","","","","A3","A1","A4","A3","A2","A2","30","A1","2","1.5","0.3","0.75","125.93","20.79","","","","9.6","","","36.49","","","","","59.05","","","",""
"356","2021-05-28 09:19:25","4","en","1121208110","2021-05-28 09:15:15","2021-05-28 09:19:25","22","A1","A2","A1","","","","","","","","","","","","","","A1","A1","A3","A1","A5","A1","3","A1","4","2.3","0.25","0.85","252.72","30.97","","","","12.94","","","59.12","","","","","149.69","","","",""
"357","2021-05-28 09:16:37","4","en","630811026","2021-05-28 09:15:22","2021-05-28 09:16:37","27","A2","A1","A3","0","0","0","1","0","0","0","0","0","0","0","0","0","A1","A1","A3","A3","A3","A3","1","A1","1","0.75","0.5","0.75","77.28","11.42","","","","13.93","","","22.56","","","","","29.37","","","",""
"358","2021-05-28 09:19:06","4","en","2104298780","2021-05-28 09:15:51","2021-05-28 09:19:06","21","A2","A1","A2","0","0","0","1","0","0","0","0","1","0","1","0","0","A2","A1","A3","A2","A2","A3","10","A1","0.35","0.8","0.1","0.5","196.3","19.52","","","","25","","","58.42","","","","","93.36","","","",""
"359","2021-05-28 09:19:07","4","en","1708251599","2021-05-28 09:16:34","2021-05-28 09:19:07","22","A1","A1","A1","","","","","","","","","","","","","","A3","A1","A4","A2","A3","A2","3","A4","2","1.5","0.3","1","154.17","15.08","","","","10.19","","","41.87","","","","","87.03","","","",""
"360","2021-05-28 09:19:36","4","en","1474086907","2021-05-28 09:16:38","2021-05-28 09:19:36","32","A2","A1","A3","0","0","0","0","0","0","0","0","0","0","0","0","1","A2","A1","A2","A2","A3","A2","7","A1","1.1","1","0.5","0.9","179.42","11.98","","","","27.55","","","67.75","","","","","72.14","","","",""
"361","2021-05-28 09:20:32","4","en","997010343","2021-05-28 09:18:16","2021-05-28 09:20:32","35","A1","A1","A3","0","1","0","0","0","0","0","0","0","0","0","1","0","A1","A2","A1","A3","A4","A1","3","A7","5","3","0.75","2","137.19","16.26","","","","14.03","","","56.04","","","","","50.86","","","",""
"362","2021-05-28 09:19:59","4","en","2096446914","2021-05-28 09:18:17","2021-05-28 09:19:59","25","A2","A1","A1","","","","","","","","","","","","","","A4","A1","A4","A2","A4","A4","5","A1","0.75","0.75","0.75","0.75","104.22","13.95","","","","7.18","","","33.26","","","","","49.83","","","",""
"363","2021-05-28 09:20:27","4","en","1417066445","2021-05-28 09:18:27","2021-05-28 09:20:27","28","A2","A1","A3","0","0","0","0","0","1","0","0","0","0","0","0","1","A3","A2","A4","A2","A3","A2","20","A1","2","1.2","0.5","1","122.83","11.83","","","","18.21","","","50.87","","","","","41.92","","","",""
"364","2021-05-28 09:21:40","4","en","1602212630","2021-05-28 09:19:25","2021-05-28 09:21:40","22","A3","A2","A1","","","","","","","","","","","","","","A1","A1","A3","A1","A4","A3","2","A1","3","1.5","40","0.8","136.94","18.71","","","","15.21","","","41.68","","","","","61.34","","","",""
"365","2021-05-28 09:23:19","4","en","1572744481","2021-05-28 09:19:29","2021-05-28 09:23:18","25","A2","A1","A3","0","0","0","0","0","1","0","0","0","0","0","0","0","A2","A1","A3","A2","A4","A3","4","A7","1","0.8","0.5","0.85","230.61","23.48","","","","13.05","","","59.08","","","","","135","","","",""
"366","2021-05-28 09:23:22","4","en","1640732204","2021-05-28 09:19:59","2021-05-28 09:23:22","23","A1","A1","A3","0","0","0","0","0","0","0","0","0","0","0","0","1","A2","A2","A3","A2","A3","A1","5","A1","1.8","1.5","0.7","1.3","205.57","23.93","","","","19.08","","","67.82","","","","","94.74","","","",""
"367","2021-05-28 09:21:32","4","en","1267724456","2021-05-28 09:20:06","2021-05-28 09:21:32","32","A1","A1","A3","0","0","0","0","0","0","0","0","0","0","0","0","1","A3","A1","A2","A2","A4","A2","4","A1","1.5","2","0.5","1.25","88.34","9.47","","","","11.63","","","35.02","","","","","32.22","","","",""
"368","2021-05-28 09:22:03","4","en","488240962","2021-05-28 09:20:22","2021-05-28 09:22:03","29","A2","A1","A3","0","0","1","1","0","0","0","0","0","0","0","0","0","A2","A1","A2","A1","A3","A3","5","A6","1.5","1","0.5","0.8","102.28","16.47","","","","13.18","","","34.54","","","","","38.09","","","",""
"369","2021-05-28 09:22:55","4","en","2068628550","2021-05-28 09:20:24","2021-05-28 09:22:55","19","A1","A1","A1","","","","","","","","","","","","","","A1","A1","A3","A3","A1","A1","10","A4","3","2","0.25","1.5","152.38","16.26","","","","12.5","","","68.18","","","","","55.44","","","",""
"370","2021-05-28 09:27:16","4","en","1945297494","2021-05-28 09:21:03","2021-05-28 09:27:16","46","A1","A1","A1","","","","","","","","","","","","","","A3","A1","A2","A2","A2","A2","5","A1","1","0.85","0.4","0.75","375.67","12.86","","","","7.56","","","135.63","","","","","219.62","","","",""
"371","2021-05-28 09:31:18","4","en","1245786982","2021-05-28 09:21:07","2021-05-28 09:31:18","35","A1","A1","A2","0","0","1","0","0","0","0","0","0","0","0","0","0","A2","A2","A2","A2","A3","A1","5","A1","2.5","1.5","0.5","1","612.23","123.56","","","","51.24","","","53.25","","","","","384.18","","","",""
"372","2021-05-28 09:25:17","4","en","790258654","2021-05-28 09:21:59","2021-05-28 09:25:17","24","A2","A1","A4","0","0","0","0","0","0","0","0","0","1","0","1","1","A2","A1","A2","A3","A5","A4","4","A7","1.25","1","0.25","0.75","199.64","18.23","","","","24.53","","","78.04","","","","","78.84","","","",""
"373","2021-05-28 09:25:56","4","en","149335910","2021-05-28 09:22:21","2021-05-28 09:25:56","40","A1","A1","A3","0","0","0","0","0","0","0","0","0","1","0","0","1","A1","A1","A2","A1","A2","A1","1","A6","0.75","1","0.5","0.75","217.5","19.6","","","","23.89","","","76.82","","","","","97.19","","","",""
"374","2021-05-28 09:24:27","4","en","1904543600","2021-05-28 09:22:22","2021-05-28 09:24:27","27","A3","A1","A1","","","","","","","","","","","","","","A3","A1","A2","A1","A5","A3","12","A1","1.5","1","0.5","1","126.98","15.29","","","","6.81","","","44.46","","","","","60.42","","","",""
"375","2021-05-28 09:25:06","4","en","796354828","2021-05-28 09:22:49","2021-05-28 09:25:06","25","A2","A1","A2","1","0","0","0","0","0","0","0","0","0","0","0","0","A2","A2","A1","A3","A5","A1","2","A1","3","2","0.75","1","139.24","8.88","","","","10.44","","","46.83","","","","","73.09","","","",""
"376","2021-05-28 09:24:43","4","en","1836352465","2021-05-28 09:22:49","2021-05-28 09:24:43","21","A1","A1","A3","0","0","1","1","0","0","0","0","0","0","0","0","1","A4","A1","A2","A2","A2","A1","2","A2","1.5","1.25","0.8","1","116.18","11.43","","","","21.72","","","30.19","","","","","52.84","","","",""
"377","2021-05-28 09:25:20","4","en","2037320600","2021-05-28 09:22:50","2021-05-28 09:25:20","74","A1","A1","A1","","","","","","","","","","","","","","A2","A1","A3","A3","A2","A3","1","A1","1.1","85","70","80","151.9","16.3","","","","12.26","","","58.48","","","","","64.86","","","",""
"378","2021-05-28 09:30:05","4","en","1123563137","2021-05-28 09:23:36","2021-05-28 09:30:05","25","A1","A1","A2","0","0","0","0","0","0","0","0","0","1","0","0","1","A1","A3","A2","A2","A4","A2","1","A7","2","1.5","0.1","0.9","391.15","12.13","","","","26.84","","","283.19","","","","","68.99","","","",""
"379","2021-05-28 09:25:09","4","en","2071522259","2021-05-28 09:23:47","2021-05-28 09:25:09","31","A2","A1","A1","","","","","","","","","","","","","","A1","A1","A2","A2","A3","A2","5","A1","0.9","0.9","0.5","0.5","84.08","8.89","","","","5.22","","","32.35","","","","","37.62","","","",""
"380","2021-05-28 09:26:32","4","en","2129888764","2021-05-28 09:23:52","2021-05-28 09:26:32","19","A1","A1","A2","1","0","0","1","0","0","0","0","0","0","0","0","0","A2","A1","A4","A2","A2","A3","4","A1","3","2","0.7","1.25","162.22","17.35","","","","16.72","","","52.66","","","","","75.49","","","",""
"381","2021-05-28 09:26:08","4","en","429057995","2021-05-28 09:23:52","2021-05-28 09:26:08","35","A1","A1","A1","","","","","","","","","","","","","","A3","A1","A2","A2","A1","A4","3","A1","0.75","1.5","0.5","0.75","138.6","15.44","","","","17.47","","","50.92","","","","","54.77","","","",""
"382","2021-05-28 09:26:26","4","en","405223515","2021-05-28 09:23:55","2021-05-28 09:26:26","26","A1","A1","A2","0","0","0","0","0","0","0","0","0","0","0","1","0","A3","A1","A1","A4","A2","A1","20","A1","5","3","0.35","2","152.73","15.02","","","","19.01","","","56.96","","","","","61.74","","","",""
"383","2021-05-28 09:25:49","4","en","915049944","2021-05-28 09:24:00","2021-05-28 09:25:49","28","A2","A1","A4","0","0","0","0","0","0","0","0","0","0","0","1","1","A2","A2","A1","A2","A3","A1","3","A7","3","2.5","1","2","109.84","10.43","","","","17.1","","","32.51","","","","","49.8","","","",""
"384","2021-05-28 09:27:17","4","en","2031006221","2021-05-28 09:24:07","2021-05-28 09:27:17","34","A2","A1","A3","0","0","1","0","0","1","0","0","0","0","0","0","1","A1","A1","A4","A2","A3","A2","2","A7","1","1.2","60","1","192.09","37.59","","","","45.64","","","49.14","","","","","59.72","","","",""
"385","2021-05-28 09:26:40","4","en","1690408406","2021-05-28 09:24:43","2021-05-28 09:26:40","26","A1","A1","A1","","","","","","","","","","","","","","A3","A2","A2","A2","A3","A3","10","A1","1","0.9","0.5","0.8","118.23","10.68","","","","10.27","","","31.32","","","","","65.96","","","",""
"386","2021-05-28 09:27:09","4","en","1555684777","2021-05-28 09:24:44","2021-05-28 09:27:09","23","A2","A1","A2","0","0","1","0","0","0","0","0","1","0","0","0","0","A2","A1","A5","A5","A5","A5","2","A1","1.3","1.05","0.5","0.9","146.74","11.51","","","","23.69","","","39.23","","","","","72.31","","","",""
"387","2021-05-28 09:27:06","4","en","2131775602","2021-05-28 09:25:07","2021-05-28 09:27:06","18","A3","A1","A2","0","0","0","0","0","0","0","0","0","1","0","0","1","A2","A1","A2","A4","A2","A3","20","A7","5","3","1","2","119.71","12.27","","","","20.13","","","38.2","","","","","49.11","","","",""
"388","2021-05-28 09:28:59","4","en","1556826169","2021-05-28 09:25:08","2021-05-28 09:28:59","71","A2","A1","A1","","","","","","","","","","","","","","A2","A1","A2","A1","A1","A1","2","A1","2","1","0.75","0.8","232.08","36.2","","","","16.47","","","67.17","","","","","112.24","","","",""
"389","2021-05-28 09:26:41","4","en","1012424025","2021-05-28 09:25:14","2021-05-28 09:26:41","26","A1","A1","A3","0","0","0","1","0","0","0","0","0","0","0","0","0","A3","A1","A3","A2","A2","A2","3","A4","1.25","1","0.35","0.89","88.38","9.42","","","","11.82","","","21.13","","","","","46.01","","","",""
"390","2021-05-28 09:27:49","4","en","1021320331","2021-05-28 09:25:54","2021-05-28 09:27:49","22","A1","A1","A1","","","","","","","","","","","","","","A4","A2","A2","A2","A3","A2","10","A7","2","2","0.5","1","117.72","11.86","","","","11.5","","","46.44","","","","","47.92","","","",""
"391","2021-05-28 09:28:39","4","en","866519914","2021-05-28 09:25:57","2021-05-28 09:28:39","44","A2","A1","A4","0","0","0","1","0","0","0","0","0","0","0","0","1","A3","A1","A5","A5","A4","A3","5","A1","2","1.5","0.25","1","165.19","15.85","","","","23.56","","","64.87","","","","","60.91","","","",""
"392","2021-05-28 09:28:24","4","en","1926262226","2021-05-28 09:26:15","2021-05-28 09:28:24","24","A1","A1","A1","","","","","","","","","","","","","","A4","A2","A3","A2","A4","A5","3","A1","1.5","1","0.5","1","131.22","13.62","","","","8.91","","","48.12","","","","","60.57","","","",""
"393","2021-05-28 09:29:43","4","en","172803664","2021-05-28 09:26:38","2021-05-28 09:29:43","29","A1","A1","A3","0","0","1","0","0","0","0","0","0","1","0","0","0","A2","A1","A3","A2","A2","A2","5","A7","1.55","1.15","0.7","1.1","186.53","26.54","","","","18.65","","","69.02","","","","","72.32","","","",""
"394","2021-05-28 09:29:09","4","en","311033702","2021-05-28 09:27:11","2021-05-28 09:29:09","31","A1","A1","A3","0","0","1","0","0","0","0","0","1","0","0","0","1","A2","A1","A3","A2","A1","A3","10","A1","1.25","1.2","0.5","1","119.69","9.14","","","","17.03","","","37.53","","","","","55.99","","","",""
"395","2021-05-28 09:29:37","4","en","1512666302","2021-05-28 09:27:16","2021-05-28 09:29:37","53","A1","A1","A3","0","0","0","0","0","0","0","0","0","0","0","0","1","A3","A1","A3","A1","A4","A4","3","A1","1","0.75","0.5","0.75","143.17","13.95","","","","24.72","","","42.05","","","","","62.45","","","",""
"396","2021-05-28 09:30:42","4","en","1251786490","2021-05-28 09:27:21","2021-05-28 09:30:42","20","A1","A1","A1","","","","","","","","","","","","","","A2","A1","A3","A3","A3","A2","5","A2","5","3","0.25","2","202.27","21.97","","","","9.63","","","55.46","","","","","115.21","","","",""
"397","2021-05-28 09:29:29","4","en","156271427","2021-05-28 09:27:31","2021-05-28 09:29:29","39","A2","A1","A3","1","0","0","0","1","0","0","0","0","0","0","0","0","A2","A1","A3","A4","A2","A3","3","A1","1.5","0.99","0.39","0.85","120.34","11.32","","","","13.6","","","29.65","","","","","65.77","","","",""
"398","2021-05-28 09:32:38","4","en","1986894127","2021-05-28 09:27:42","2021-05-28 09:32:38","24","A2","A1","A3","0","0","0","1","0","0","0","0","0","0","0","0","0","A2","A1","A2","A3","A3","A2","15","A1","2","1.5","0.5","1.3","296.53","44.51","","","","33.25","","","116.7","","","","","102.07","","","",""
"399","2021-05-28 09:32:02","4","en","1578552404","2021-05-28 09:27:55","2021-05-28 09:32:02","21","A3","A1","A2","0","0","0","0","0","1","0","0","0","0","0","0","0","A1","A1","A5","A1","A5","A2","5","A2","1.2","1","0.5","0.9","249.53","42.95","","","","34.53","","","113.96","","","","","58.09","","","",""
"400","2021-05-28 09:30:06","4","en","494546734","2021-05-28 09:27:58","2021-05-28 09:30:06","44","A1","A1","A3","0","1","1","0","0","0","0","0","0","1","0","0","0","A2","A1","A3","A3","A3","A2","5","A1","1","1.5","0.25","0.9","129.41","12.19","","","","14.46","","","51.73","","","","","51.03","","","",""
"401","2021-05-28 09:29:53","4","en","1896932214","2021-05-28 09:28:07","2021-05-28 09:29:53","38","A1","A1","A3","1","0","0","1","0","0","0","0","1","1","0","0","1","A3","A1","A2","A3","A4","A1","25","A1","3","2","0.5","1","108.2","10.72","","","","15.5","","","27.14","","","","","54.84","","","",""
"402","2021-05-28 09:33:36","4","en","408241776","2021-05-28 09:28:51","2021-05-28 09:33:36","21","A2","A1","A3","1","0","1","1","0","0","0","0","0","0","0","0","0","A3","A1","A3","A2","A1","A1","2","A1","2.5","1.25","0.5","1.25","286.34","17.11","","","","37.84","","","81.79","","","","","149.6","","","",""
"403","2021-05-28 09:32:50","4","en","45190089","2021-05-28 09:28:58","2021-05-28 09:32:50","21","A1","A1","A1","","","","","","","","","","","","","","A1","A1","A4","A2","A3","A2","1","A1","1.5","1","0.5","1","234.74","12.63","","","","13.94","","","74.78","","","","","133.39","","","",""
"404","2021-05-28 09:31:42","4","en","927067740","2021-05-28 09:29:29","2021-05-28 09:31:42","21","A2","A2","A2","0","0","1","0","0","0","0","0","0","0","0","0","0","A2","A1","A2","A1","A1","A2","10","A1","2","2","1","1","133.83","11.42","","","","24.01","","","34.07","","","","","64.33","","","",""
"405","2021-05-28 09:34:08","4","en","1278029164","2021-05-28 09:29:30","2021-05-28 09:34:08","21","A2","A1","A3","0","0","1","0","0","0","0","0","0","0","0","0","0","A2","A1","A1","A2","A3","A2","10","A1","1.5","1.5","0.5","1","279","40.08","","","","38.14","","","71.09","","","","","129.69","","","",""
"406","2021-05-28 09:32:32","4","en","900545469","2021-05-28 09:29:52","2021-05-28 09:32:32","28","A2","A1","A2","0","0","1","1","0","0","0","0","0","0","0","0","0","A2","A1","A4","A1","A2","A3","10","A1","0.7","0.5","0.1","0.4","162.16","9.81","","","","23.87","","","40.07","","","","","88.41","","","",""
"407","2021-05-28 09:31:49","4","en","397546708","2021-05-28 09:29:54","2021-05-28 09:31:49","29","A1","A1","A3","0","0","0","1","0","1","0","0","0","1","0","0","0","A3","A1","A1","A3","A2","A1","5","A1","1.5","1.75","0.4","0.75","117.7","31.85","","","","16.03","","","28.91","","","","","40.91","","","",""
"408","2021-05-28 09:33:19","4","en","1726571019","2021-05-28 09:29:54","2021-05-28 09:33:19","31","A2","A1","A1","","","","","","","","","","","","","","A1","A1","A4","A1","A2","A4","1","A6","1.1","1","0.4","0.8","207.1","26.21","","","","14.4","","","66.9","","","","","99.59","","","",""
"409","2021-05-28 09:32:07","4","en","1328865164","2021-05-28 09:30:01","2021-05-28 09:32:07","25","A1","A1","A3","0","0","0","0","0","0","0","0","0","1","0","0","0","A1","A1","A1","A2","A5","A1","5","A1","4","3","1","2.5","127.73","9.98","","","","13.64","","","36.65","","","","","67.46","","","",""
"410","2021-05-28 09:31:53","4","en","963322158","2021-05-28 09:30:06","2021-05-28 09:31:53","27","A1","A1","A2","0","0","0","0","0","0","0","0","0","0","0","0","1","A2","A2","A2","A3","A2","A2","5","A4","5","2","1","2","107.81","14.24","","","","17.01","","","43.07","","","","","33.49","","","",""
"411","2021-05-28 09:32:14","4","en","156746522","2021-05-28 09:30:25","2021-05-28 09:32:14","20","A1","A1","A1","","","","","","","","","","","","","","A4","A1","A3","A3","A1","A3","10","A1","2","1","0.5","1.2","111.31","9.12","","","","6.96","","","41.49","","","","","53.74","","","",""
"412","2021-05-28 09:32:43","4","en","1092298404","2021-05-28 09:30:41","2021-05-28 09:32:43","25","A1","A1","A2","0","0","0","0","0","0","0","0","0","1","0","0","0","A2","A1","A4","A3","A4","A2","10","A1","1.5","1.25","0.5","1","124.06","14.02","","","","19.72","","","40.65","","","","","49.67","","","",""
"413","2021-05-28 09:32:37","4","en","818996752","2021-05-28 09:30:41","2021-05-28 09:32:37","48","A1","A1","A1","","","","","","","","","","","","","","A3","A1","A4","A1","A3","A4","7","A1","2","1.75","1","1","117.7","9.33","","","","5.54","","","23.71","","","","","79.12","","","",""
"414","2021-05-28 09:32:50","4","en","475111686","2021-05-28 09:30:47","2021-05-28 09:32:50","39","A1","A1","A3","1","0","0","0","0","0","0","0","0","0","0","1","0","A3","A1","A4","A2","A1","A2","3","A1","1.5","1","0.5","0.75","124.27","16.18","","","","16.18","","","46.57","","","","","45.34","","","",""
"415","2021-05-28 09:35:29","4","en","882286556","2021-05-28 09:30:48","2021-05-28 09:35:29","57","A2","A1","A1","","","","","","","","","","","","","","A1","A1","A2","A2","A4","A3","5","A1","1","1.5","55","1","282.49","26.37","","","","37.14","","","117.64","","","","","101.34","","","",""
"416","2021-05-28 09:32:53","4","en","718695856","2021-05-28 09:31:20","2021-05-28 09:32:53","21","A2","A2","A1","","","","","","","","","","","","","","A2","A1","A3","A1","A2","A3","3","A1","2","1","0.1","0.5","94.72","16.75","","","","8.37","","","32.17","","","","","37.43","","","",""
"417","2021-05-28 09:32:50","4","en","827535097","2021-05-28 09:31:34","2021-05-28 09:32:50","20","A1","A2","A2","0","0","0","1","0","0","0","0","0","1","0","0","0","A3","A1","A3","A2","A2","A3","5","A1","1","0.9","0.5","0.8","77.47","8.33","","","","13.43","","","20.43","","","","","35.28","","","",""
"418","2021-05-28 09:33:41","4","en","2064108606","2021-05-28 09:31:36","2021-05-28 09:33:41","20","A2","A1","A3","0","0","1","1","0","1","0","0","0","0","0","0","0","A1","A1","A2","A3","A5","A3","8","A7","3","2","0.5","1.5","127.42","8.93","","","","16.39","","","51.72","","","","","50.38","","","",""
"419","2021-05-28 09:34:53","4","en","984000625","2021-05-28 09:31:37","2021-05-28 09:34:53","21","A1","A1","A1","","","","","","","","","","","","","","A1","A1","A3","A2","A1","A2","1","A1","2.5","1.5","0.55","1.3","197.79","20.46","","","","11.19","","","64.19","","","","","101.95","","","",""
"420","2021-05-28 09:34:43","4","en","526711309","2021-05-28 09:31:47","2021-05-28 09:34:43","22","A2","A1","A1","","","","","","","","","","","","","","A1","A1","A3","A2","A4","A4","4","A1","1","2","0.5","1","177.62","12.31","","","","9.56","","","71.29","","","","","84.46","","","",""
"421","2021-05-28 09:34:46","4","en","446886375","2021-05-28 09:31:52","2021-05-28 09:34:46","61","A1","A1","A4","0","0","0","0","0","0","0","0","0","0","0","0","1","A2","A1","A5","A3","A2","A1","3","A1","2.5","2.5","0.5","1","176.09","12.61","","","","25.34","","","48.67","","","","","89.47","","","",""
"422","2021-05-28 09:33:51","4","en","615021078","2021-05-28 09:31:57","2021-05-28 09:33:51","31","A2","A1","A3","0","0","0","1","0","0","0","0","0","0","0","0","1","A1","A1","A1","A4","A2","A1","0","A5","4","2","1","1.5","116.08","9.64","","","","15.28","","","25.61","","","","","65.55","","","",""
"423","2021-05-28 09:34:44","4","en","1414513477","2021-05-28 09:32:02","2021-05-28 09:34:44","32","A2","A1","A1","","","","","","","","","","","","","","A2","A1","A1","A3","A4","A2","3","A1","4","2","0.6","1","163.27","22.13","","","","12.31","","","57.01","","","","","71.82","","","",""
"424","2021-05-28 09:36:26","4","en","2073978879","2021-05-28 09:32:14","2021-05-28 09:36:26","23","A1","A1","A3","1","0","0","1","0","0","0","0","0","0","0","0","0","A3","A1","A2","A2","A2","A2","5","A1","1.5","1","0.7","1","253.18","24.61","","","","31.01","","","114.29","","","","","83.27","","","",""
"425","2021-05-28 09:34:01","4","en","952598584","2021-05-28 09:32:21","2021-05-28 09:34:01","34","A2","A1","A1","","","","","","","","","","","","","","A3","A1","A3","A2","A2","A5","5","A1","0.75","1","0.4","0.85","102.17","15.41","","","","13.29","","","33.62","","","","","39.85","","","",""
"426","2021-05-28 09:34:47","4","en","1144741210","2021-05-28 09:32:57","2021-05-28 09:34:47","19","A1","A1","A3","0","0","0","0","0","1","0","0","0","0","0","0","0","A1","A1","A1","A2","A3","A2","1","A7","3","2","1","2","112.04","25.71","","","","17.74","","","32.3","","","","","36.29","","","",""
"427","2021-05-28 09:35:13","4","en","130282339","2021-05-28 09:33:04","2021-05-28 09:35:13","43","A1","A1","A1","","","","","","","","","","","","","","A3","A1","A2","A3","A2","A2","3","A1","1.2","1","0.6","0.9","129.19","14.8","","","","10.21","","","40.03","","","","","64.15","","","",""
"428","2021-05-28 09:36:29","4","en","1122989518","2021-05-28 09:33:32","2021-05-28 09:36:29","20","A1","A1","A2","0","0","0","0","0","0","0","0","0","0","0","0","1","A2","A2","A4","A3","A2","A4","2","A1","1.5","1.4","0.2","0.75","178.76","12.77","","","","20.82","","","75.04","","","","","70.13","","","",""
"429","2021-05-28 09:35:14","4","en","1620167447","2021-05-28 09:33:42","2021-05-28 09:35:14","41","A2","A1","A1","","","","","","","","","","","","","","A1","A1","A2","A2","A3","A3","2","A1","1.5","1","0.5","0.75","94.53","12.94","","","","11.27","","","28.43","","","","","41.89","","","",""
"430","2021-05-28 09:39:58","4","en","137132779","2021-05-28 09:33:44","2021-05-28 09:39:58","24","A1","A1","A1","","","","","","","","","","","","","","A3","A1","A2","A3","A3","A1","5","A1","1.75","0.75","0.3","0.5","375.89","10.55","","","","8.4","","","44.25","","","","","312.69","","","",""
"431","2021-05-28 09:40:11","4","en","1154123871","2021-05-28 09:33:49","2021-05-28 09:40:11","34","A1","A1","A1","","","","","","","","","","","","","","A3","A1","A3","A3","A5","A1","20","A1","1.6","1.25","0.5","0.85","384.07","15.9","","","","21.3","","","139.43","","","","","207.44","","","",""
"432","2021-05-28 09:36:39","4","en","472374600","2021-05-28 09:33:53","2021-05-28 09:36:39","19","A1","A1","A1","","","","","","","","","","","","","","A2","A1","A3","A3","A3","A4","1","A1","2","1","0.4","0.9","168.56","23.87","","","","12.83","","","61.68","","","","","70.18","","","",""
"433","2021-05-28 09:35:37","4","en","1919068263","2021-05-28 09:34:04","2021-05-28 09:35:37","28","A2","A1","A1","","","","","","","","","","","","","","A3","A1","A2","A2","A3","A2","2","A1","2","2","0.5","1.5","94.33","11.07","","","","8.37","","","33.98","","","","","40.91","","","",""
"434","2021-05-28 09:37:43","4","en","1205601894","2021-05-28 09:34:09","2021-05-28 09:37:43","25","A2","A1","A3","0","0","1","0","0","0","0","0","0","0","0","0","0","A2","A2","A1","A1","A2","A1","15","A1","2.5","2","0.5","1.75","215.5","16.05","","","","25.16","","","62.35","","","","","111.94","","","",""
"435","2021-05-28 09:36:13","4","en","1876818203","2021-05-28 09:34:14","2021-05-28 09:36:13","23","A1","A1","A1","","","","","","","","","","","","","","A3","A1","A4","A2","A1","A3","10","A1","1","1","0.5","0.8","121.9","13.86","","","","7.72","","","55.68","","","","","44.64","","","",""
"436","2021-05-28 09:36:30","4","en","1877236153","2021-05-28 09:34:30","2021-05-28 09:36:30","21","A2","A1","A2","0","0","1","0","0","0","0","0","0","0","0","0","0","A2","A2","A4","A2","A4","A4","5","A1","1.5","1.25","0.5","1","122.56","12.92","","","","18.26","","","42.89","","","","","48.49","","","",""
"437","2021-05-28 09:37:13","4","en","1336891807","2021-05-28 09:34:35","2021-05-28 09:37:13","27","A2","A1","A1","","","","","","","","","","","","","","A1","A2","A1","A1","A3","A1","5","A3","5","5","1","2.5","159.8","30.46","","","","26.95","","","44.26","","","","","58.13","","","",""
"438","2021-05-28 09:36:30","4","en","1741036927","2021-05-28 09:34:38","2021-05-28 09:36:30","19","A1","A1","A2","0","0","0","0","0","0","0","0","0","0","0","0","1","A2","A2","A5","A1","A2","A3","20","A1","1","1","10","75","113.84","12.99","","","","14.81","","","38.13","","","","","47.91","","","",""
"439","2021-05-28 09:37:20","4","en","783728290","2021-05-28 09:34:39","2021-05-28 09:37:20","32","A2","A1","A1","","","","","","","","","","","","","","A1","A1","A3","A1","A3","A3","0","A1","0.8","0.8","0.25","0.7","161.41","14.1","","","","12.92","","","55.37","","","","","79.02","","","",""
"440","2021-05-28 09:36:52","4","en","1629414807","2021-05-28 09:34:46","2021-05-28 09:36:52","27","A2","A1","A1","","","","","","","","","","","","","","A2","A2","A1","A2","A4","A4","3","A1","2","1.5","1","1.5","128.07","16.91","","","","8.38","","","51.52","","","","","51.26","","","",""
"441","2021-05-28 09:37:29","4","en","2030025989","2021-05-28 09:34:48","2021-05-28 09:37:29","23","A2","A1","A1","","","","","","","","","","","","","","A2","A1","A5","A2","A3","A5","7","A1","1","0.9","0.5","0.8","163.3","18.83","","","","15.68","","","51.07","","","","","77.72","","","",""
"442","2021-05-28 09:37:36","4","en","1709171461","2021-05-28 09:34:49","2021-05-28 09:37:36","19","A1","A1","A1","","","","","","","","","","","","","","A2","A1","A4","A2","A5","A2","15","A1","1","0.9","0.5","0.8","169.49","20.74","","","","19.18","","","53.86","","","","","75.71","","","",""
"443","2021-05-28 09:37:02","4","en","494001286","2021-05-28 09:34:51","2021-05-28 09:37:02","33","A1","A1","A4","1","1","1","1","1","1","1","1","1","1","1","1","0","A4","A1","A2","A1","A1","A1","30","A1","30","20","15","15","131.84","20.17","","","","26.17","","","50.4","","","","","35.1","","","",""
"444","2021-05-28 09:38:26","4","en","1491870185","2021-05-28 09:34:57","2021-05-28 09:38:26","45","A1","A1","A1","","","","","","","","","","","","","","A1","A1","A1","A3","A3","A1","3","A7","1.5","1","0.5","0.9","210.44","15.28","","","","34.2","","","79.69","","","","","81.27","","","",""
"445","2021-05-28 09:36:34","4","en","975848959","2021-05-28 09:34:59","2021-05-28 09:36:34","31","A1","A1","A1","","","","","","","","","","","","","","A3","A1","A3","A2","A4","A5","10","A6","0.8","0.8","0.5","0.75","97.21","11.37","","","","6.29","","","36.88","","","","","42.67","","","",""
"446","2021-05-28 09:37:54","4","en","1626277780","2021-05-28 09:35:10","2021-05-28 09:37:54","25","A1","A1","A2","0","0","0","0","0","0","0","0","0","1","0","0","0","A3","A2","A2","A1","A3","A3","5","A1","0.8","0.75","0.4","0.77","165.77","14.32","","","","14.26","","","58.62","","","","","78.57","","","",""
"447","2021-05-28 09:37:05","4","en","952314153","2021-05-28 09:35:28","2021-05-28 09:37:05","28","A1","A1","A2","0","0","1","0","0","0","0","0","0","0","0","0","0","A3","A1","A3","A2","A1","A3","5","A6","1","1.5","0.5","1","98.79","9.93","","","","29.33","","","26.35","","","","","33.18","","","",""
"448","2021-05-28 09:37:33","4","en","1973006871","2021-05-28 09:35:36","2021-05-28 09:37:33","30","A1","A1","A3","0","0","0","0","0","0","0","0","0","1","0","0","0","A3","A1","A2","A3","A2","A1","10","A1","1.5","1.2","0.75","1","118.94","16.16","","","","14.8","","","41.53","","","","","46.45","","","",""
"449","2021-05-28 09:38:08","4","en","1640986303","2021-05-28 09:35:36","2021-05-28 09:38:08","49","A2","A1","A2","0","0","1","0","0","0","0","0","0","0","0","0","0","A2","A1","A3","A4","A1","A2","5","A7","2","1.99","0.6","1","153.5","13.49","","","","12.62","","","66.66","","","","","60.73","","","",""
"450","2021-05-28 09:37:40","4","en","2029201677","2021-05-28 09:35:47","2021-05-28 09:37:40","33","A2","A1","A1","","","","","","","","","","","","","","A1","A3","A4","A2","A3","A4","2","A1","1.25","1","0.5","0.8","113.93","17.17","","","","11.79","","","34.49","","","","","50.48","","","",""
"451","2021-05-28 09:41:00","4","en","771565990","2021-05-28 09:36:15","2021-05-28 09:41:00","20","A1","A1","A2","0","0","0","0","0","0","0","0","0","0","0","0","1","A2","A1","A2","A2","A3","A2","2","A2","1.5","0.9","0.5","0.85","287.49","20.41","","","","22.77","","","63.82","","","","","180.49","","","",""
"452","2021-05-28 09:39:02","4","en","1499418085","2021-05-28 09:36:21","2021-05-28 09:39:02","35","A2","A1","A3","0","0","0","0","0","0","0","0","0","0","0","0","1","A3","A1","A2","A2","A2","A2","8","A1","1.5","1.5","0.5","1","163.03","16.21","","","","17.94","","","50.06","","","","","78.82","","","",""
"453","2021-05-28 09:38:29","4","en","1718676689","2021-05-28 09:36:37","2021-05-28 09:38:29","30","A2","A1","A4","0","0","0","1","0","0","0","0","0","0","0","0","0","A3","A1","A1","A3","A5","A2","15","A4","3","2","1","1.5","114.34","10.34","","","","12.26","","","42.81","","","","","48.93","","","",""
"454","2021-05-28 09:38:34","4","en","894525415","2021-05-28 09:36:46","2021-05-28 09:38:34","32","A2","A1","A2","0","1","0","0","0","1","0","0","0","0","0","0","0","A2","A1","A3","A2","A4","A4","2","A1","1","0.9","0.4","0.85","110.01","9.74","","","","14.21","","","37.57","","","","","48.49","","","",""
"455","2021-05-28 09:38:39","4","en","1651234717","2021-05-28 09:36:56","2021-05-28 09:38:39","20","A2","A1","A2","0","0","0","0","0","0","0","0","0","0","0","1","0","A1","A2","A4","A1","A3","A2","5","A1","1","0.75","0.5","0.7","104.78","11.98","","","","10.34","","","38.47","","","","","43.99","","","",""
"456","2021-05-28 09:39:25","4","en","1154739767","2021-05-28 09:37:02","2021-05-28 09:39:25","25","A2","A1","A2","0","0","0","0","0","1","0","0","0","0","0","0","0","A2","A1","A3","A4","A2","A2","10","A1","0.75","1","0.4","0.75","145.71","9.87","","","","12.92","","","36.69","","","","","86.23","","","",""
"457","2021-05-28 09:39:47","4","en","1101589687","2021-05-28 09:37:11","2021-05-28 09:39:47","24","A2","A1","A2","1","0","0","1","0","0","0","0","0","0","0","0","0","A2","A1","A4","A2","A3","A3","2","A2","1.5","1","0.5","1","157.59","13.14","","","","20.78","","","56.66","","","","","67.01","","","",""
"458","2021-05-28 09:38:46","4","en","1896961614","2021-05-28 09:37:11","2021-05-28 09:38:46","41","A2","A1","A3","0","0","0","1","1","0","0","0","0","0","0","0","0","A1","A2","A2","A2","A3","A2","3","A1","1.5","1","0.5","0.85","96.14","8.94","","","","14.21","","","35.27","","","","","37.72","","","",""
"459","2021-05-28 09:39:15","4","en","1836003247","2021-05-28 09:37:17","2021-05-28 09:39:15","28","A2","A1","A3","0","0","0","0","0","0","0","0","0","0","0","0","1","A3","A1","A2","A2","A1","A3","3","A1","2","1.5","0.25","1","120.23","10.72","","","","19.93","","","46.52","","","","","43.06","","","",""
"460","2021-05-28 09:40:02","4","en","86950303","2021-05-28 09:37:32","2021-05-28 09:40:02","28","A2","A1","A2","0","0","1","0","0","1","0","0","0","0","0","0","0","A1","A1","A5","A4","A3","A4","3","A1","2","1.25","0.75","1","151.63","12.53","","","","30.6","","","49.07","","","","","59.43","","","",""
"461","2021-05-28 09:39:48","4","en","1812723943","2021-05-28 09:37:50","2021-05-28 09:39:48","24","A1","A1","A4","0","0","1","0","0","0","0","0","0","1","0","0","0","A1","A1","A1","A1","A1","A1","1","A2","0.75","2","0.3","0.75","120.04","22.7","","","","23.28","","","35.65","","","","","38.41","","","",""
"462","2021-05-28 09:40:16","4","en","710454529","2021-05-28 09:37:58","2021-05-28 09:40:16","22","A1","A1","A1","","","","","","","","","","","","","","A2","A1","A4","A2","A3","A3","5","A1","2","1","0.5","0.9","140.58","20.93","","","","9.6","","","50.92","","","","","59.13","","","",""
"463","2021-05-28 09:41:21","4","en","1139813396","2021-05-28 09:38:02","2021-05-28 09:41:21","31","A1","A1","A2","0","0","0","0","0","1","0","0","0","0","0","0","1","A4","A1","A3","A3","A4","A3","10","A1","2","1.2","0.3","1","200.49","18","","","","30.75","","","61.2","","","","","90.54","","","",""
"464","2021-05-28 09:41:04","4","en","1361679501","2021-05-28 09:38:27","2021-05-28 09:41:04","22","A2","A1","A1","","","","","","","","","","","","","","A1","A1","A2","A2","A5","A3","2","A7","2","1.5","0.5","1","159.16","25.33","","","","9.8","","","81.75","","","","","42.28","","","",""
"465","2021-05-28 09:43:20","4","en","450978227","2021-05-28 09:38:30","2021-05-28 09:43:20","34","A1","A1","A3","0","0","0","1","0","0","0","0","0","0","0","0","0","A3","A1","A2","A2","A2","A2","2","A1","2","1.5","0.5","1","292.53","22.7","","","","16.83","","","135.85","","","","","117.15","","","",""
"466","2021-05-28 09:41:29","4","en","1558794814","2021-05-28 09:38:33","2021-05-28 09:41:29","72","A2","A1","A3","0","0","1","0","0","0","0","0","0","0","0","0","0","A1","A2","A1","A2","A3","A1","6","A1","1.5","1","0.5","1","178.08","22.84","","","","29.06","","","54.63","","","","","71.55","","","",""
"467","2021-05-28 09:41:52","4","en","556128621","2021-05-28 09:38:50","2021-05-28 09:41:52","35","A2","A1","A1","","","","","","","","","","","","","","A5","A1","A4","A3","A2","A1","15","A1","0.76","0.751","0.69","0.75","183.35","16.38","","","","18.05","","","58.78","","","","","90.14","","","",""
"468","2021-05-28 09:40:33","4","en","674940795","2021-05-28 09:39:02","2021-05-28 09:40:33","20","A2","A1","A1","","","","","","","","","","","","","","A2","A1","A4","A1","A3","A4","2","A1","2","1","0.25","1","92.93","10.53","","","","15.92","","","31.26","","","","","35.22","","","",""
"469","2021-05-28 09:40:41","4","en","1793953577","2021-05-28 09:39:09","2021-05-28 09:40:41","23","A2","A1","A3","1","0","1","1","0","0","0","0","1","0","0","0","0","A2","A2","A1","A4","A2","A2","3","A7","2","1.5","0.75","1.25","93.82","9.36","","","","16.22","","","34.84","","","","","33.4","","","",""
"470","2021-05-28 09:41:22","4","en","405141084","2021-05-28 09:39:14","2021-05-28 09:41:22","42","A1","A1","A3","0","0","0","1","0","0","0","0","0","0","0","0","0","A4","A2","A4","A2","A2","A2","20","A1","2","1.2","70","95","130.41","11.65","","","","14.86","","","49.86","","","","","54.04","","","",""
"471","2021-05-28 09:41:31","4","en","199484778","2021-05-28 09:39:15","2021-05-28 09:41:31","26","A2","A1","A3","1","0","1","0","0","0","0","0","0","0","0","0","1","A1","A1","A2","A3","A5","A2","0","A6","1.5","1.2","0.7","0.75","137.31","11.68","","","","22.07","","","56.3","","","","","47.26","","","",""
"472","2021-05-28 09:41:51","4","en","796212037","2021-05-28 09:39:15","2021-05-28 09:41:51","22","A3","A1","A1","","","","","","","","","","","","","","A1","A1","A4","A2","A5","A4","4","A1","4","2.5","0.75","1.5","157.62","18.27","","","","8.08","","","58.86","","","","","72.41","","","",""
"473","2021-05-28 09:40:54","4","en","1493970170","2021-05-28 09:39:16","2021-05-28 09:40:54","47","A1","A1","A1","","","","","","","","","","","","","","A1","A1","A1","A5","A5","A1","20","A7","1.5","1","0.5","0.75","100.41","9.42","","","","10.43","","","36.7","","","","","43.86","","","",""
"474","2021-05-28 09:40:37","4","en","1766517587","2021-05-28 09:39:17","2021-05-28 09:40:37","30","A1","A1","A2","0","0","1","0","0","0","0","0","0","0","0","0","1","A1","A2","A4","A2","A4","A2","2","A1","1","0.9","0.8","0.85","82.2","12.28","","","","11.86","","","27.92","","","","","30.14","","","",""
"475","2021-05-28 09:42:01","4","en","782681054","2021-05-28 09:39:21","2021-05-28 09:42:01","33","A2","A1","A2","1","0","0","0","0","0","0","0","0","0","0","0","0","A2","A2","A2","A2","A1","A2","5","A7","0.6","0.5","0.3","0.4","162.05","20.13","","","","17.33","","","44.79","","","","","79.8","","","",""
"476","2021-05-28 09:42:07","4","en","824884461","2021-05-28 09:39:23","2021-05-28 09:42:07","21","A2","A1","A4","0","0","0","1","0","0","0","0","0","0","0","1","0","A1","A1","A3","A2","A3","A2","10","A1","1","2.5","0.75","1","164.93","20.55","","","","18.06","","","43.25","","","","","83.07","","","",""
"477","2021-05-28 09:41:37","4","en","1694584494","2021-05-28 09:39:25","2021-05-28 09:41:37","53","A1","A1","A3","0","0","0","0","0","0","0","0","0","0","0","0","1","A3","A1","A3","A2","A2","A2","4","A1","1","1.5","0.5","1","133.01","12.77","","","","31.99","","","32.15","","","","","56.1","","","",""
"478","2021-05-28 09:41:47","4","en","729574574","2021-05-28 09:39:30","2021-05-28 09:41:47","20","A1","A1","A3","0","0","0","0","0","0","0","0","0","0","0","0","1","A1","A1","A3","A1","A4","A2","3","A7","1","0.9","0.3","0.8","138.9","18.61","","","","20.62","","","45.06","","","","","54.61","","","",""
"479","2021-05-28 09:40:56","4","en","327265736","2021-05-28 09:39:32","2021-05-28 09:40:56","36","A2","A1","A2","0","0","0","0","1","0","0","0","0","0","0","0","0","A2","A1","A1","A3","A3","A2","10","A7","1.5","1","0.25","0.75","87.18","11.74","","","","15.73","","","24.95","","","","","34.76","","","",""
"480","2021-05-28 09:41:18","4","en","2091475027","2021-05-28 09:39:38","2021-05-28 09:41:18","27","A2","A1","A4","0","0","0","1","0","0","0","1","0","0","0","0","0","A2","A1","A2","A3","A5","A4","10","A7","1.2","0.9","0.6","0.8","102.14","9.42","","","","16.87","","","31.57","","","","","44.28","","","",""
"481","2021-05-28 10:04:05","4","en","545710696","2021-05-28 09:39:47","2021-05-28 10:04:05","27","A2","A1","A3","0","0","0","0","0","0","0","0","0","1","0","0","0","A1","A1","A2","A2","A4","A2","1","A1","1","1","0.5","0.75","1459.4","11.01","","","","275.43","","","582.91","","","","","590.05","","","",""
"482","2021-05-28 09:42:34","4","en","1008109921","2021-05-28 09:39:47","2021-05-28 09:42:34","21","A1","A1","A3","0","0","0","0","0","0","0","0","0","1","0","0","1","A3","A1","A5","A2","A3","A4","3","A1","2","1.5","0.25","0.8","169.29","19.45","","","","19.6","","","48.25","","","","","81.99","","","",""
"483","2021-05-28 09:46:47","4","en","468081809","2021-05-28 09:39:50","2021-05-28 09:46:47","27","A1","A1","A2","0","1","0","1","0","0","0","0","0","0","0","0","0","A2","A1","A5","A3","A3","A2","2","A7","1.1","0.9","0.48","0.72","419.26","41.94","","","","34.42","","","119.77","","","","","223.13","","","",""
"484","2021-05-28 09:41:36","4","en","367540537","2021-05-28 09:39:54","2021-05-28 09:41:36","21","A2","A1","A4","1","0","1","1","0","0","0","0","1","0","1","0","0","A3","A1","A3","A3","A2","A3","3","A1","2","1.25","0.3","1","103.42","11.23","","","","17.52","","","32.18","","","","","42.49","","","",""
"485","2021-05-28 09:43:14","4","en","1749392973","2021-05-28 09:39:57","2021-05-28 09:43:14","18","A2","A1","A2","0","0","0","0","0","0","0","0","1","0","0","0","0","A3","A1","A1","A2","A4","A2","10","A1","2","3","0.75","1.25","198.26","19.06","","","","22.13","","","61.82","","","","","95.25","","","",""
"486","2021-05-28 09:41:53","4","en","95345289","2021-05-28 09:40:05","2021-05-28 09:41:53","32","A2","A1","A3","0","0","0","1","0","1","0","0","0","0","0","0","0","A2","A1","A3","A2","A2","A2","2","A1","1.5","1.25","0.5","1","109.49","9.13","","","","14.61","","","36.51","","","","","49.24","","","",""
"487","2021-05-28 09:41:47","4","en","117464781","2021-05-28 09:40:22","2021-05-28 09:41:47","22","A2","A1","A3","0","0","0","1","0","0","0","0","0","0","0","0","0","A2","A3","A1","A2","A5","A5","2","A1","1","1","0.5","0.75","87.61","10.81","","","","10.23","","","28.72","","","","","37.85","","","",""
"488","2021-05-28 09:42:39","4","en","1885637945","2021-05-28 09:40:24","2021-05-28 09:42:39","40","A2","A1","A3","0","0","0","0","0","0","0","0","0","0","0","0","1","A2","A1","A2","A4","A2","A2","2","A1","1.5","1","0.5","1","137.47","11.42","","","","25.22","","","38.88","","","","","61.95","","","",""
"489","2021-05-28 09:41:51","4","en","1697517167","2021-05-28 09:40:26","2021-05-28 09:41:51","34","A2","A1","A2","0","0","0","0","0","0","0","0","0","0","0","0","1","A2","A1","A2","A2","A5","A2","5","A1","1.25","1","0.5","0.85","87.19","10.51","","","","10.31","","","25.88","","","","","40.49","","","",""
"490","2021-05-28 09:43:17","4","en","200077854","2021-05-28 09:40:29","2021-05-28 09:43:17","22","A1","A1","A3","0","0","0","0","0","0","0","0","0","1","0","0","0","A3","A1","A4","A2","A3","A4","5","A1","2.5","1.2","0.5","1","170.47","10.86","","","","17.66","","","87.5","","","","","54.45","","","",""
"491","2021-05-28 09:42:23","4","en","1984579191","2021-05-28 09:40:31","2021-05-28 09:42:23","26","A1","A1","A1","","","","","","","","","","","","","","A1","A2","A4","A3","A3","A2","5","A1","3","2.5","1","1.5","113.05","11.71","","","","10.08","","","47.14","","","","","44.12","","","",""
"492","2021-05-28 09:42:39","4","en","22074100","2021-05-28 09:40:36","2021-05-28 09:42:39","36","A1","A1","A2","0","0","0","0","0","0","0","0","0","0","0","0","1","A3","A2","A3","A1","A4","A3","5","A2","1.5","1","0.4","0.75","125.63","16.97","","","","17.93","","","38.58","","","","","52.15","","","",""
"493","2021-05-28 09:43:16","4","en","1494147458","2021-05-28 09:40:49","2021-05-28 09:43:16","28","A1","A1","A1","","","","","","","","","","","","","","A2","A1","A3","A2","A1","A1","10","A6","3","1.5","0.5","1","148.94","20.52","","","","9.84","","","46.2","","","","","72.38","","","",""
"494","2021-05-28 09:42:46","4","en","505636748","2021-05-28 09:40:56","2021-05-28 09:42:46","18","A2","A2","A2","0","0","0","0","0","0","0","0","0","0","0","0","1","A2","A1","A5","A1","A2","A1","5","A2","1","1.5","0.8","1","112.83","16.85","","","","13.86","","","34.89","","","","","47.23","","","",""
"495","2021-05-28 09:42:50","4","en","1144406723","2021-05-28 09:41:01","2021-05-28 09:42:50","22","A2","A1","A1","","","","","","","","","","","","","","A2","A1","A3","A2","A4","A3","5","A5","2.5","2","1","1.5","110.42","11.02","","","","16.2","","","37.48","","","","","45.72","","","",""
"496","2021-05-28 09:53:04","4","en","401173611","2021-05-28 09:41:05","2021-05-28 09:53:04","35","A2","A1","A3","0","0","1","0","0","0","0","0","0","0","0","0","0","A2","A2","A2","A3","A3","A2","5","A2","3","2","0.5","1.5","721.52","15.59","","","","9.25","","","20.88","","","","","675.8","","","",""
"497","2021-05-28 09:43:20","4","en","1956035958","2021-05-28 09:41:06","2021-05-28 09:43:20","30","A1","A1","A3","0","0","0","0","0","1","0","0","0","1","0","0","0","A4","A1","A2","A4","A2","A1","10","A3","5","4","0.5","2","136.92","11.9","","","","15.53","","","52.61","","","","","56.88","","","",""
"498","2021-05-28 09:44:39","4","en","250525905","2021-05-28 09:41:10","2021-05-28 09:44:39","32","A2","A1","A1","","","","","","","","","","","","","","A2","A2","A3","A3","A4","A3","5","A1","1","1.5","0.3","0.5","210.87","16.58","","","","10.26","","","89.65","","","","","94.38","","","",""
"499","2021-05-28 09:49:36","4","en","984659029","2021-05-28 09:41:10","2021-05-28 09:49:36","34","A1","A1","A2","0","0","0","0","0","0","0","0","0","0","0","0","1","A1","A2","A1","A2","A2","A1","5","A2","1.25","1.5","0.801","1","508.3","36.81","","","","19.29","","","61.13","","","","","391.07","","","",""
"500","2021-05-28 09:43:11","4","en","1282039345","2021-05-28 09:41:17","2021-05-28 09:43:11","22","A2","A1","A3","0","0","1","1","0","0","0","0","0","0","0","0","1","A1","A2","A2","A2","A4","A3","2","A2","1.5","1.1","0.5","1.1","115.01","11.32","","","","13.34","","","43.99","","","","","46.36","","","",""
"501","2021-05-28 09:44:28","4","en","1621426220","2021-05-28 09:41:18","2021-05-28 09:44:28","70","A1","A1","A3","0","0","0","0","0","0","0","0","0","1","0","0","0","A1","A2","A1","A2","A4","A1","0","A2","2","1","0.5","0.75","192.49","18.9","","","","28.57","","","44.47","","","","","100.55","","","",""
"502","2021-05-28 09:44:07","4","en","1694182211","2021-05-28 09:41:21","2021-05-28 09:44:07","19","A1","A1","A2","0","0","0","1","0","0","0","0","0","1","0","0","1","A1","A2","A1","A2","A3","A2","3","A1","1.5","0.9","0.5","0.8","167.57","19.34","","","","32.44","","","47.16","","","","","68.63","","","",""
"503","2021-05-28 09:44:55","4","en","1532815105","2021-05-28 09:41:24","2021-05-28 09:44:55","20","A2","A1","A3","0","0","0","1","0","0","0","0","0","0","0","0","0","A2","A3","A1","A2","A3","A1","1","A7","1","3","0.5","1","215.18","15.9","","","","13.68","","","93.7","","","","","91.9","","","",""
"504","2021-05-28 09:42:29","4","en","576208438","2021-05-28 09:41:25","2021-05-28 09:42:29","22","A2","A1","A2","0","0","0","0","0","0","0","0","1","0","0","0","0","A1","A1","A4","A1","A3","A2","5","A1","1","1","1","1","65.71","12.13","","","","7.34","","","23.33","","","","","22.91","","","",""
"505","2021-05-28 09:45:32","4","en","965228664","2021-05-28 09:41:25","2021-05-28 09:45:32","20","A1","A1","A3","0","0","0","1","0","0","0","0","0","1","0","0","0","A2","A1","A2","A2","A1","A2","2","A6","1","1","0.25","0.75","249.33","47.66","","","","31.68","","","79.93","","","","","90.06","","","",""
"506","2021-05-28 09:43:11","4","en","585819319","2021-05-28 09:41:41","2021-05-28 09:43:11","29","A2","A1","A3","0","0","0","0","0","1","0","0","0","0","0","0","1","A1","A2","A1","A1","A5","A3","5","A1","1.5","1","0.65","0.9","91.96","9.68","","","","17.08","","","29.4","","","","","35.8","","","",""
"507","2021-05-28 09:46:12","4","en","816721039","2021-05-28 09:41:42","2021-05-28 09:46:12","21","A1","A1","A3","0","0","0","1","0","0","0","0","0","1","0","0","1","A1","A1","A1","A2","A2","A3","2","A7","1.5","1.25","0.5","1","271.47","43.21","","","","29.28","","","84.6","","","","","114.38","","","",""
"508","2021-05-28 09:43:45","4","en","2164499","2021-05-28 09:41:45","2021-05-28 09:43:45","25","A1","A1","A1","","","","","","","","","","","","","","A1","A2","A2","A4","A5","A2","2","A4","10","0.5","0.1","1","121.42","12.39","","","","12.56","","","49.6","","","","","46.87","","","",""
"509","2021-05-28 09:46:21","4","en","1890795780","2021-05-28 09:41:53","2021-05-28 09:46:21","34","A1","A1","A3","0","0","0","0","0","0","0","0","0","0","0","0","1","A2","A1","A4","A4","A2","A2","7","A1","1.5","0.95","0.65","0.9","270","30.49","","","","23.91","","","80.42","","","","","135.18","","","",""
"510","2021-05-28 09:44:47","4","en","593232270","2021-05-28 09:41:53","2021-05-28 09:44:47","30","A2","A2","A2","1","0","0","0","0","0","0","0","0","0","0","0","0","A5","A1","A3","A2","A3","A3","5","A1","0.75","0.75","0.1","0.6","175.06","19.25","","","","12.81","","","58.99","","","","","84.01","","","",""
"511","2021-05-28 09:51:24","4","en","1996109688","2021-05-28 09:42:03","2021-05-28 09:51:24","21","A1","A1","A2","0","0","1","0","0","0","0","0","0","0","0","0","1","A3","A1","A4","A1","A2","A4","3","A1","1.2","1","0.5","0.8","561.84","8.42","","","","133.09","","","123.05","","","","","297.28","","","",""
"512","2021-05-28 09:43:58","4","en","485169983","2021-05-28 09:42:23","2021-05-28 09:43:58","39","A2","A1","A2","0","0","0","0","0","0","0","0","0","0","0","0","1","A2","A1","A2","A2","A2","A2","2","A1","1","1","0.5","0.75","97.9","10.22","","","","15.87","","","25.91","","","","","45.9","","","",""
"513","2021-05-28 09:46:03","4","en","168137490","2021-05-28 09:42:28","2021-05-28 09:46:03","24","A1","A1","A4","0","0","1","1","0","0","0","0","0","0","0","0","1","A3","A1","A1","A2","A4","A2","8","A1","5","3","1","3","217.18","7.94","","","","141.52","","","29.18","","","","","38.54","","","",""
"514","2021-05-28 09:45:28","4","en","1633043668","2021-05-28 09:42:31","2021-05-28 09:45:28","29","A1","A1","A1","","","","","","","","","","","","","","A2","A1","A4","A3","A2","A4","2","A1","1.5","1","0.5","1","178.69","23.48","","","","9.2","","","55.66","","","","","90.35","","","",""
"515","2021-05-28 09:45:32","4","en","922226760","2021-05-28 09:42:44","2021-05-28 09:45:32","21","A2","A1","A2","0","0","0","0","0","0","0","0","0","1","0","0","1","A3","A1","A2","A3","A2","A1","3","A1","2","3","1","2","169.25","13.18","","","","25.16","","","65.02","","","","","65.89","","","",""
"516","2021-05-28 09:45:43","4","en","1485010322","2021-05-28 09:42:51","2021-05-28 09:45:43","43","A1","A1","A3","0","0","0","0","0","0","0","0","0","0","0","0","1","A2","A1","A3","A1","A1","A1","1","A7","1","1","0.5","0.75","173.87","20.05","","","","35.17","","","62.79","","","","","55.86","","","",""
"517","2021-05-28 09:45:22","4","en","53519055","2021-05-28 09:42:53","2021-05-28 09:45:22","45","A2","A1","A3","0","0","1","0","0","0","0","0","0","1","0","0","0","A1","A1","A1","A2","A2","A2","5","A1","1","0.95","0.35","0.7","150.41","14.34","","","","28.41","","","36.03","","","","","71.63","","","",""
"518","2021-05-28 09:47:10","4","en","1878974019","2021-05-28 09:42:54","2021-05-28 09:47:10","32","A1","A1","A4","0","0","0","0","0","0","0","0","0","0","0","0","1","A2","A1","A2","A1","A1","A3","2","A1","2","2","0.53","1","258.42","26.16","","","","18.74","","","128.86","","","","","84.66","","","",""
"519","2021-05-28 09:46:11","4","en","1942900500","2021-05-28 09:42:54","2021-05-28 09:46:11","28","A1","A1","A2","0","0","0","0","0","0","0","0","0","1","0","0","1","A2","A2","A4","A2","A3","A2","5","A1","4","3","0.5","1.5","198.06","14.33","","","","23","","","66.43","","","","","94.3","","","",""
"520","2021-05-28 09:45:10","4","en","442655944","2021-05-28 09:43:03","2021-05-28 09:45:10","22","A1","A1","A2","0","0","0","1","0","0","0","0","0","0","0","0","1","A2","A1","A5","A2","A3","A4","5","A2","1.5","1","0.5","0.85","129.43","11.86","","","","17.25","","","31.74","","","","","68.58","","","",""
"521","2021-05-28 09:46:05","4","en","1738814875","2021-05-28 09:43:04","2021-05-28 09:46:05","47","A1","A1","A2","0","0","0","0","0","0","0","0","0","1","0","0","0","A2","A1","A4","A3","A2","A3","15","A1","2","1.5","0.6","0.75","182.52","13.71","","","","18.67","","","53.04","","","","","97.1","","","",""
"522","2021-05-28 09:45:15","4","en","8521485","2021-05-28 09:43:06","2021-05-28 09:45:15","19","A2","A1","A2","0","0","0","1","0","0","0","0","0","0","0","0","0","A1","A2","A3","A4","A3","A2","2","A1","1.3","0.9","0.25","0.5","131.84","14.59","","","","13.85","","","48.52","","","","","54.88","","","",""
"523","2021-05-28 09:45:32","4","en","1989806206","2021-05-28 09:43:15","2021-05-28 09:45:32","24","A2","A1","A3","0","0","0","1","0","0","0","0","0","0","0","0","1","A3","A1","A3","A2","A4","A4","5","A1","1.5","1.2","0.3","1","140.12","10.92","","","","17.62","","","47.79","","","","","63.79","","","",""
"524","2021-05-28 09:48:30","4","en","1221424273","2021-05-28 09:43:15","2021-05-28 09:48:30","42","A1","A1","A1","","","","","","","","","","","","","","A2","A2","A3","A2","A3","A3","5","A1","3","2","1","1","317.53","22.53","","","","14.89","","","109.61","","","","","170.5","","","",""
"525","2021-05-28 09:46:11","4","en","443996825","2021-05-28 09:43:20","2021-05-28 09:46:11","38","A1","A1","A3","0","0","0","1","0","0","0","0","0","0","0","0","1","A2","A1","A3","A3","A3","A3","2","A1","2.5","1.5","0.5","1","173.5","25.52","","","","25.33","","","39.51","","","","","83.14","","","",""
"526","2021-05-28 09:45:46","4","en","1745753166","2021-05-28 09:43:24","2021-05-28 09:45:46","19","A2","A1","A3","0","0","0","1","0","0","0","1","0","0","1","0","0","A2","A1","A4","A2","A3","A4","5","A1","1.2","1","0.6","0.8","144.27","18.3","","","","22.21","","","43.93","","","","","59.83","","","",""
"527","2021-05-28 09:47:13","4","en","1693454566","2021-05-28 09:43:25","2021-05-28 09:47:13","21","A1","A1","A2","0","0","1","0","0","0","0","0","0","0","0","0","0","A4","A1","A4","A2","A4","A3","2","A4","3","1.7","0.4","1.4","230.6","16.63","","","","19.85","","","79.52","","","","","114.6","","","",""
"528","2021-05-28 09:45:00","4","en","2049004895","2021-05-28 09:43:27","2021-05-28 09:45:00","22","A2","A1","A3","0","0","1","0","0","0","0","0","0","0","0","0","1","A2","A1","A1","A1","A5","A2","5","A1","1.5","1","0.5","0.85","94.57","10.74","","","","13.26","","","28.05","","","","","42.52","","","",""
"529","2021-05-28 09:46:09","4","en","4220575","2021-05-28 09:43:40","2021-05-28 09:46:09","27","A2","A1","A3","0","0","1","1","0","0","0","0","0","0","0","0","0","A2","A1","A1","A2","A2","A1","2","A1","3","2","0.5","1.5","151.81","12.32","","","","20.95","","","51.75","","","","","66.79","","","",""
"530","2021-05-28 09:45:41","4","en","1371516246","2021-05-28 09:43:40","2021-05-28 09:45:41","21","A1","A1","A3","0","0","0","0","0","0","0","0","0","0","0","0","1","A4","A1","A2","A2","A2","A2","5","A2","2","1.5","0.3","1","123.28","11.63","","","","14.83","","","41.73","","","","","55.09","","","",""
"531","2021-05-28 09:47:03","4","en","438157980","2021-05-28 09:43:46","2021-05-28 09:47:03","29","A2","A1","A3","0","0","0","1","0","0","0","0","0","0","0","0","0","A2","A1","A5","A2","A3","A3","3","A7","0.7","0.75","0.3","0.75","198.64","18.05","","","","10.21","","","96.94","","","","","73.44","","","",""
"532","2021-05-28 09:46:53","4","en","761671094","2021-05-28 09:43:52","2021-05-28 09:46:53","19","A2","A1","A4","0","0","0","0","0","1","0","0","0","0","0","0","1","A1","A1","A4","A2","A3","A4","1","A1","2","1","0.3","0.8","182.84","20.53","","","","28.91","","","53.29","","","","","80.11","","","",""
"533","2021-05-28 09:47:40","4","en","1442552208","2021-05-28 09:43:53","2021-05-28 09:47:40","45","A1","A1","A2","0","0","0","0","0","1","0","0","0","0","0","0","0","A1","A5","A5","A5","A5","A5","0","A4","0","0","0","0","228.6","11.01","","","","13.58","","","179.24","","","","","24.77","","","",""
"534","2021-05-28 09:46:05","4","en","59191825","2021-05-28 09:43:56","2021-05-28 09:46:05","20","A2","A1","A4","0","0","0","0","0","1","0","0","0","0","0","0","0","A2","A1","A3","A5","A2","A3","10","A7","2","2","1","1.25","131.39","9.44","","","","15.63","","","43.81","","","","","62.51","","","",""
"536","2021-05-28 09:46:27","4","en","1667785356","2021-05-28 09:43:59","2021-05-28 09:46:27","31","A1","A1","A1","","","","","","","","","","","","","","A2","A1","A5","A1","A3","A2","5","A1","2","1.5","0.9","1.25","149.98","19.41","","","","8.76","","","39.76","","","","","82.05","","","",""
"537","2021-05-28 10:07:45","4","en","886513914","2021-05-28 09:44:07","2021-05-28 10:07:45","25","A2","A1","A3","0","0","0","1","0","1","0","0","0","0","0","0","0","A2","A3","A1","A3","A2","A1","4","A7","5","2.5","0.5","1","1419.38","22.65","","","","30.36","","","58.34","","","","","1308.03","","","",""
"538","2021-05-28 09:46:43","4","en","2083918293","2021-05-28 09:44:14","2021-05-28 09:46:43","18","A2","A2","A4","1","0","1","0","0","1","1","0","0","0","0","1","0","A2","A1","A3","A2","A4","A2","3","A7","3","1.5","0.4","1","150.84","13.79","","","","17.77","","","48.26","","","","","71.02","","","",""
"539","2021-05-28 09:47:44","4","en","2138794688","2021-05-28 09:44:16","2021-05-28 09:47:44","21","A1","A1","A3","0","0","1","0","0","0","0","0","0","0","1","0","1","A1","A1","A4","A1","A3","A4","2","A1","1","1","0.2","0.5","210.38","22.62","","","","31.4","","","52.53","","","","","103.83","","","",""
"540","2021-05-28 09:45:22","4","en","1820273252","2021-05-28 09:44:19","2021-05-28 09:45:22","21","A2","A1","A3","0","0","0","1","0","0","0","0","0","0","0","0","0","A2","A2","A3","A2","A3","A3","3","A1","1.5","1.25","0.75","1","63.75","6.4","","","","6.03","","","20.06","","","","","31.26","","","",""
"541","2021-05-28 09:47:02","4","en","1195503601","2021-05-28 09:44:25","2021-05-28 09:47:02","35","A1","A1","A2","0","0","0","0","0","0","0","0","0","0","0","0","1","A3","A1","A4","A2","A2","A3","2","A1","0.75","0","0.2","0.6","158.63","13.57","","","","14.98","","","51.75","","","","","78.33","","","",""
"542","2021-05-28 09:46:32","4","en","406922948","2021-05-28 09:44:26","2021-05-28 09:46:32","22","A2","A1","A1","","","","","","","","","","","","","","A2","A1","A3","A1","A5","A3","3","A1","1.1","1","0.4","0.9","127.27","12.16","","","","9.22","","","48.53","","","","","57.36","","","",""
"543","2021-05-28 09:50:05","4","en","1298415830","2021-05-28 09:44:36","2021-05-28 09:50:05","25","A1","A1","A3","0","0","0","1","0","0","0","0","0","1","0","0","0","A4","A1","A1","A3","A2","A2","2","A1","0.95","0.8","0.5","0.8","330.15","15.14","","","","35.06","","","111.57","","","","","168.38","","","",""
"544","2021-05-28 09:46:04","4","en","280766111","2021-05-28 09:44:37","2021-05-28 09:46:04","21","A2","A1","A1","","","","","","","","","","","","","","A2","A1","A4","A2","A2","A2","2","A2","0.5","1","0.5","0.5","89.98","9.48","","","","33.89","","","23.94","","","","","22.67","","","",""
"545","2021-05-28 09:47:09","4","en","373593917","2021-05-28 09:45:04","2021-05-28 09:47:09","51","A2","A1","A2","0","0","0","0","0","0","0","0","0","0","0","0","1","A2","A1","A1","A2","A2","A1","10","A1","3","1.5","0.6","0.9","126.81","13.01","","","","14.11","","","42.75","","","","","56.94","","","",""
"546","2021-05-28 09:50:40","4","en","1031181414","2021-05-28 09:45:12","2021-05-28 09:50:40","28","A2","A1","A3","0","0","0","1","0","0","0","0","0","0","0","0","0","A2","A1","A4","A2","A4","A4","15","A1","1","1.5","0.6","1","329.78","13.83","","","","62.56","","","194.38","","","","","59.01","","","",""
"547","2021-05-28 09:47:18","4","en","1543123350","2021-05-28 09:45:12","2021-05-28 09:47:18","26","A2","A2","A1","","","","","","","","","","","","","","A3","A2","A4","A1","A5","A2","5","A1","1","0.5","0.3","0.65","127.7","14.39","","","","7.89","","","39.26","","","","","66.16","","","",""
"548","2021-05-28 09:47:34","4","en","666617046","2021-05-28 09:45:25","2021-05-28 09:47:34","32","A1","A1","A1","","","","","","","","","","","","","","A2","A1","A3","A3","A2","A2","10","A1","2","1.25","0.3","0.9","131.19","15.87","","","","8.77","","","44.01","","","","","62.54","","","",""
"549","2021-05-28 09:47:25","4","en","983280850","2021-05-28 09:45:27","2021-05-28 09:47:25","20","A1","A1","A1","","","","","","","","","","","","","","A1","A1","A2","A2","A2","A1","0","A1","3","2","0.75","1.75","119.59","15.37","","","","9.4","","","40.3","","","","","54.52","","","",""
"550","2021-05-28 09:47:32","4","en","996101380","2021-05-28 09:45:27","2021-05-28 09:47:32","20","A2","A1","A3","0","0","1","1","0","0","0","0","0","0","0","0","0","A3","A2","A1","A2","A2","A1","3","A6","3","2","0.8","1.3","125.11","8.1","","","","12.31","","","49.31","","","","","55.39","","","",""
"551","2021-05-28 09:47:14","4","en","1125534956","2021-05-28 09:45:29","2021-05-28 09:47:14","22","A2","A1","A3","0","0","0","0","0","0","0","0","0","0","0","0","1","A2","A1","A4","A2","A3","A3","5","A1","1.5","1","0.25","0.8","107.15","12.87","","","","15.07","","","45.44","","","","","33.77","","","",""
"552","2021-05-28 09:47:53","4","en","1073604021","2021-05-28 09:45:35","2021-05-28 09:47:53","28","A2","A1","A2","0","0","1","0","0","1","0","0","0","0","0","0","0","A2","A1","A2","A5","A2","A2","5","A1","1.2","1","0.5","1","139.52","14.6","","","","19.47","","","59.34","","","","","46.11","","","",""
"553","2021-05-28 09:47:46","4","en","110427004","2021-05-28 09:45:40","2021-05-28 09:47:46","23","A2","A1","A4","0","0","0","0","0","0","0","0","0","0","0","0","1","A4","A2","A2","A2","A4","A3","2","A4","2","1.5","0.4","1","128.41","19.55","","","","28.64","","","39.77","","","","","40.45","","","",""
"554","2021-05-28 09:48:46","4","en","95819772","2021-05-28 09:45:45","2021-05-28 09:48:46","20","A1","A1","A1","","","","","","","","","","","","","","A1","A1","A2","A3","A4","A1","4","A2","1.15","0.95","0.8","0.88","182.43","9.88","","","","12.35","","","89","","","","","71.2","","","",""
"555","2021-05-28 09:48:55","4","en","391752983","2021-05-28 09:45:51","2021-05-28 09:48:55","25","A2","A1","A1","","","","","","","","","","","","","","A2","A2","A2","A2","A3","A2","2","A1","2","2","3","2","186.57","23.46","","","","27.08","","","110.31","","","","","25.72","","","",""
"556","2021-05-28 09:48:36","4","en","193186235","2021-05-28 09:45:55","2021-05-28 09:48:36","30","A2","A1","A1","","","","","","","","","","","","","","A1","A2","A4","A2","A2","A4","0","A1","1.5","1","0.5","0.9","163.18","23.97","","","","12.05","","","44.45","","","","","82.71","","","",""
"557","2021-05-28 09:47:56","4","en","351881284","2021-05-28 09:45:55","2021-05-28 09:47:56","29","A1","A1","A1","","","","","","","","","","","","","","A2","A1","A4","A3","A1","A4","2","A2","1","1","0.2","0.75","123.8","14.67","","","","16.91","","","45.41","","","","","46.81","","","",""
"558","2021-05-28 09:48:16","4","en","135967000","2021-05-28 09:46:00","2021-05-28 09:48:16","34","A1","A1","A1","","","","","","","","","","","","","","A1","A1","A3","A3","A1","A1","5","A1","1.5","1.2","1","1.1","137.42","17.18","","","","10.27","","","48.01","","","","","61.96","","","",""
"559","2021-05-28 09:48:34","4","en","1677105787","2021-05-28 09:46:10","2021-05-28 09:48:34","28","A2","A1","A2","0","0","0","1","0","0","0","0","0","0","0","0","0","A2","A1","A2","A2","A4","A2","5","A1","1.5","1.35","0.7","1","146.5","11.91","","","","28.57","","","35.47","","","","","70.55","","","",""
"560","2021-05-28 09:48:04","4","en","1896632998","2021-05-28 09:46:16","2021-05-28 09:48:04","20","A1","A1","A2","0","0","0","1","0","0","0","0","0","0","0","0","0","A2","A1","A2","A2","A3","A3","10","A1","4","2.5","0.5","2","110.78","13.85","","","","12.77","","","38.49","","","","","45.67","","","",""
"561","2021-05-28 09:49:02","4","en","679293827","2021-05-28 09:46:17","2021-05-28 09:49:02","39","A2","A1","A2","1","0","0","1","0","1","0","0","0","0","0","0","0","A2","A2","A4","A1","A2","A3","10","A4","1","2","0.5","0.75","167.61","21.73","","","","20.5","","","57.62","","","","","67.76","","","",""
"562","2021-05-28 09:49:09","4","en","1154256605","2021-05-28 09:46:19","2021-05-28 09:49:09","23","A2","A1","A3","0","0","0","1","0","1","0","0","0","0","0","0","0","A2","A2","A2","A1","A3","A1","15","A1","2.1","1.5","0.5","0.9","171.96","17.28","","","","17.13","","","54.82","","","","","82.73","","","",""
"563","2021-05-28 09:47:33","4","en","2087246996","2021-05-28 09:46:21","2021-05-28 09:47:33","24","A1","A1","A2","0","1","1","1","0","0","0","0","0","1","0","0","0","A1","A1","A3","A1","A4","A3","2","A1","1","1","1","1","73.06","7.45","","","","10.55","","","20.27","","","","","34.79","","","",""
"564","2021-05-28 09:47:45","4","en","540743300","2021-05-28 09:46:23","2021-05-28 09:47:45","25","A1","A1","A2","0","0","0","0","0","0","0","0","0","0","0","0","1","A2","A1","A4","A3","A3","A2","5","A2","1","0.9","0.6","0.75","83.68","8.71","","","","13.65","","","25.02","","","","","36.3","","","",""
"565","2021-05-28 09:50:12","4","en","1064066104","2021-05-28 09:46:30","2021-05-28 09:50:12","50","A1","A1","A1","","","","","","","","","","","","","","A2","A2","A3","A3","A2","A3","1","A1","1","0.9","0.5","0.8","223.5","17.33","","","","10.49","","","53.05","","","","","142.63","","","",""
"566","2021-05-28 09:48:17","4","en","2066871534","2021-05-28 09:46:36","2021-05-28 09:48:17","33","A2","A1","A3","0","0","1","0","0","1","0","0","0","0","0","0","0","A1","A2","A5","A3","A5","A3","1","A1","2","1.5","0.5","1.2","102.57","12.24","","","","14.38","","","35.91","","","","","40.04","","","",""
"567","2021-05-28 09:48:26","4","en","704467627","2021-05-28 09:46:38","2021-05-28 09:48:26","27","A1","A1","A1","","","","","","","","","","","","","","A2","A1","A5","A1","A1","A5","2","A2","3","1","0.4","0.85","109.11","11.73","","","","12.23","","","35.05","","","","","50.1","","","",""
"568","2021-05-28 09:49:21","4","en","867267637","2021-05-28 09:46:41","2021-05-28 09:49:21","21","A2","A1","A3","0","0","0","0","0","0","0","0","0","0","0","0","1","A1","A2","A2","A2","A4","A2","0","A7","1.2","1","0.75","1","162.06","13.76","","","","18.36","","","45.88","","","","","84.06","","","",""
"569","2021-05-28 09:49:07","4","en","1737682526","2021-05-28 09:46:43","2021-05-28 09:49:07","19","A1","A2","A1","","","","","","","","","","","","","","A2","A2","A3","A1","A2","A3","10","A7","1","1.25","0.6","0.85","145.84","23.85","","","","10","","","40.81","","","","","71.18","","","",""
"570","2021-05-28 09:49:12","4","en","1582664388","2021-05-28 09:46:45","2021-05-28 09:49:12","32","A1","A1","A3","0","0","0","1","0","1","0","0","0","0","0","0","1","A1","A2","A1","A3","A4","A1","2","A7","1.5","1","0.5","0.9","147.96","17.25","","","","17.02","","","58.38","","","","","55.31","","","",""
"571","2021-05-28 09:57:16","4","en","222731196","2021-05-28 09:46:48","2021-05-28 09:57:16","25","A1","A1","A1","","","","","","","","","","","","","","A3","A1","A5","A2","A2","A3","5","A1","2","1","0.5","0.75","630.13","16.34","","","","51.75","","","199.82","","","","","362.22","","","",""
"572","2021-05-28 09:49:33","4","en","110699283","2021-05-28 09:46:49","2021-05-28 09:49:33","20","A1","A1","A1","","","","","","","","","","","","","","A3","A2","A3","A4","A4","A3","1","A2","3","2","2","1.5","165.97","37.18","","","","10.49","","","49.81","","","","","68.49","","","",""
"573","2021-05-28 09:49:16","4","en","440787911","2021-05-28 09:46:50","2021-05-28 09:49:16","41","A1","A1","A1","","","","","","","","","","","","","","A3","A1","A5","A3","A2","A2","5","A1","2","1.5","0.5","1","147.6","33.05","","","","16.73","","","32.1","","","","","65.72","","","",""
"574","2021-05-28 09:49:34","4","en","804330811","2021-05-28 09:46:54","2021-05-28 09:49:34","20","A2","A1","A4","0","0","0","1","0","0","0","0","0","0","0","0","1","A2","A2","A3","A2","A1","A2","15","A1","1.5","1","0.5","0.8","162.53","23.62","","","","23.8","","","48.15","","","","","66.96","","","",""
"575","2021-05-28 09:53:52","4","en","349564868","2021-05-28 09:46:55","2021-05-28 09:53:52","22","A2","A1","A4","0","0","1","1","0","0","0","0","1","1","0","0","1","A3","A1","A2","A3","A4","A2","15","A7","2","3","0.5","1.5","420.28","23.84","","","","35.93","","","195.53","","","","","164.98","","","",""
"576","2021-05-28 09:51:45","4","en","692114743","2021-05-28 09:46:57","2021-05-28 09:51:45","20","A2","A1","A2","0","0","0","1","0","0","0","0","0","0","0","0","0","A2","A1","A2","A1","A2","A2","2","A1","1.5","1.3","0.3","0.95","290.57","24.33","","","","15.46","","","114.79","","","","","135.99","","","",""
"577","2021-05-28 09:48:48","4","en","238897878","2021-05-28 09:47:01","2021-05-28 09:48:48","53","A1","A1","A3","0","0","0","0","0","0","0","0","0","0","0","0","1","A1","A1","A2","A2","A2","A2","0","A7","1","1","0.5","0.75","109.77","13.85","","","","17.9","","","31.51","","","","","46.51","","","",""
"578","2021-05-28 09:49:42","4","en","2029378102","2021-05-28 09:47:09","2021-05-28 09:49:42","37","A1","A1","A2","0","0","0","0","0","0","0","0","1","0","0","0","0","A2","A2","A1","A3","A3","A1","20","A7","0.95","1.05","0.8","0.95","155.21","16.84","","","","30.06","","","48.45","","","","","59.86","","","",""
"579","2021-05-28 09:49:30","4","en","664847158","2021-05-28 09:47:10","2021-05-28 09:49:30","21","A3","A1","A1","","","","","","","","","","","","","","A1","A1","A3","A1","A5","A4","5","A1","2.5","1.5","0.45","1","141.8","26.38","","","","9.72","","","53.55","","","","","52.15","","","",""
"580","2021-05-28 09:48:38","4","en","866280036","2021-05-28 09:47:11","2021-05-28 09:48:37","23","A1","A1","A2","0","0","0","0","0","0","0","0","0","1","0","0","0","A2","A1","A4","A2","A4","A5","5","A1","1","85","50","65","88.19","13.44","","","","18.25","","","23.5","","","","","33","","","",""
"581","2021-05-28 09:49:27","4","en","156896767","2021-05-28 09:47:21","2021-05-28 09:49:27","32","A2","A1","A1","","","","","","","","","","","","","","A3","A1","A1","A1","A1","A1","6","A7","1","2","0.5","0.75","127.18","16.25","","","","18.5","","","30.34","","","","","62.09","","","",""
"582","2021-05-28 09:49:32","4","en","499676568","2021-05-28 09:47:28","2021-05-28 09:49:32","23","A2","A1","A2","1","0","0","0","0","0","0","0","0","0","0","0","0","A2","A1","A5","A1","A5","A2","5","A1","1","2","0","0.75","127.29","10.92","","","","13.85","","","42.6","","","","","59.92","","","",""
"583","2021-05-28 09:51:34","4","en","886653356","2021-05-28 09:47:29","2021-05-28 09:51:34","36","A1","A1","A1","","","","","","","","","","","","","","","A2","A2","A2","A1","A2","2","A1","2","2","0.75","1.5","247.49","28.79","","","","48.37","","","75.34","","","","","94.99","","","",""
"584","2021-05-28 09:49:24","4","en","657541454","2021-05-28 09:47:34","2021-05-28 09:49:24","34","A1","A1","A1","","","","","","","","","","","","","","A3","A1","A3","A3","A1","A3","15","A1","1.5","1","0.5","0.75","112.98","10.22","","","","7.52","","","43.38","","","","","51.86","","","",""
"585","2021-05-28 09:49:51","4","en","756076564","2021-05-28 09:47:38","2021-05-28 09:49:51","41","A2","A1","A3","0","0","0","1","0","1","0","0","0","1","1","0","0","A1","A2","A2","A4","A4","A2","1","A7","1","1","0.25","1","134.04","11.1","","","","25.52","","","42.36","","","","","55.06","","","",""
"586","2021-05-28 09:50:42","4","en","1955837979","2021-05-28 09:47:39","2021-05-28 09:50:42","18","A1","A2","A3","0","0","0","0","0","1","0","0","0","0","0","0","0","A3","A1","A2","A1","A4","A2","4","A1","1.25","1","0.8","0.95","183.66","29.34","","","","32.01","","","46.02","","","","","76.29","","","",""
"587","2021-05-28 09:49:30","4","en","1040938391","2021-05-28 09:47:44","2021-05-28 09:49:30","41","A2","A1","A3","0","0","1","0","0","0","0","0","0","0","0","1","0","A1","A2","A1","A1","A3","A1","0","A7","1.5","1.2","0.9","0.85","107.94","12.38","","","","13.52","","","37.19","","","","","44.85","","","",""
"588","2021-05-28 09:50:06","4","en","2027078229","2021-05-28 09:47:51","2021-05-28 09:50:06","31","A2","A1","A2","0","0","0","0","0","0","0","1","0","0","0","0","0","A2","A1","A3","A3","A2","A4","20","A1","1","2","0.5","1","136.93","16.5","","","","11.25","","","53.18","","","","","56","","","",""
"589","2021-05-28 09:49:53","4","en","29815255","2021-05-28 09:47:51","2021-05-28 09:49:53","29","A2","A1","A1","","","","","","","","","","","","","","A3","A1","A4","A2","A1","A4","3","A1","1.1","0.9","0.5","0.75","123.74","16.32","","","","14.49","","","31.6","","","","","61.33","","","",""
"590","2021-05-28 09:50:15","4","en","1588878911","2021-05-28 09:47:52","2021-05-28 09:50:15","20","A2","A1","A3","0","0","1","0","0","1","0","0","0","0","0","0","0","A1","A1","A1","A3","A3","A3","2","A1","4","3","1","2","145.18","11.31","","","","18.57","","","48.82","","","","","66.48","","","",""
"592","2021-05-28 09:50:20","4","en","2038561361","2021-05-28 09:48:02","2021-05-28 09:50:20","20","A2","A1","A3","0","0","1","0","0","0","0","0","0","0","0","0","0","A2","A1","A1","A1","A4","A4","3","A1","2","1.6","0.5","1","139.98","15.2","","","","14.19","","","49.61","","","","","60.98","","","",""
"593","2021-05-28 09:49:40","4","en","23734690","2021-05-28 09:48:03","2021-05-28 09:49:40","22","A2","A1","A4","0","0","0","0","0","0","0","0","0","0","0","0","1","A2","A5","A5","A5","A3","A2","2","A4","1","0.9","0.5","0.7","98.54","9.48","","","","11.61","","","36.42","","","","","41.03","","","",""
"594","2021-05-28 09:50:00","4","en","1255380820","2021-05-28 09:48:04","2021-05-28 09:50:00","24","A1","A1","A1","","","","","","","","","","","","","","A2","A2","A3","A2","A3","A3","4","A7","2","1.5","0.3","1","117.78","9.87","","","","18.19","","","37.27","","","","","52.45","","","",""
"595","2021-05-28 09:49:18","4","en","1522347245","2021-05-28 09:48:08","2021-05-28 09:49:18","32","A1","A1","A1","","","","","","","","","","","","","","A3","A1","A5","A2","A3","A4","6","A2","1.5","0.75","0.3","0.9","70.78","9.05","","","","5.11","","","24.5","","","","","32.12","","","",""
"596","2021-05-28 09:50:20","4","en","69786586","2021-05-28 09:48:12","2021-05-28 09:50:20","23","A2","A1","A4","0","0","0","0","0","0","0","0","0","0","0","0","1","A2","A1","A3","A3","A2","A4","6","A1","2","3","0.5","1.3","130.74","12.76","","","","14.47","","","48.45","","","","","55.06","","","",""
"597","2021-05-28 09:49:59","4","en","485549621","2021-05-28 09:48:16","2021-05-28 09:49:59","22","A2","A1","A2","1","0","1","0","0","0","0","0","0","0","0","0","1","A2","A2","A3","A2","A2","A3","2","A1","1.2","1","0.5","0.95","105.77","8.3","","","","17.89","","","37.92","","","","","41.66","","","",""
"598","2021-05-28 09:50:12","4","en","1177433442","2021-05-28 09:48:17","2021-05-28 09:50:12","21","A1","A1","A4","0","0","0","1","0","0","0","0","0","0","0","0","0","A2","A2","A2","A3","A3","A2","4","A7","2","1","0.5","1","116.64","11","","","","13.63","","","41.79","","","","","50.22","","","",""
"599","2021-05-28 09:50:54","4","en","2026772009","2021-05-28 09:48:25","2021-05-28 09:50:54","23","A1","A1","A3","0","0","0","0","0","0","0","0","0","1","1","0","0","A3","A1","A3","A2","A4","A3","4","A1","1.2","1","0.2","0.85","152.67","17.9","","","","21.84","","","63.23","","","","","49.7","","","",""
"600","2021-05-28 09:51:07","4","en","1960314538","2021-05-28 09:48:31","2021-05-28 09:51:07","30","A2","A1","A2","0","0","0","0","0","0","0","0","0","1","0","0","1","A4","A1","A2","A1","A4","A1","5","A3","1.2","1","0.5","0.9","158.14","13.84","","","","24.65","","","58.02","","","","","61.63","","","",""
"601","2021-05-28 09:50:39","4","en","1758666301","2021-05-28 09:48:32","2021-05-28 09:50:39","29","A2","A1","A1","","","","","","","","","","","","","","A2","A1","A2","A2","A4","A3","5","A1","1","1","0.25","0.75","129.44","18.78","","","","11.84","","","46.68","","","","","52.14","","","",""
"602","2021-05-28 09:50:18","4","en","1878673804","2021-05-28 09:48:33","2021-05-28 09:50:18","30","A2","A1","A3","0","0","1","1","0","0","0","0","1","0","0","0","0","A2","A1","A2","A2","A2","A2","5","A7","1.5","1.2","1.2","1.5","106.69","13.98","","","","14.59","","","40.32","","","","","37.8","","","",""
"603","2021-05-28 09:50:10","4","en","617066595","2021-05-28 09:48:39","2021-05-28 09:50:10","22","A1","A1","A2","0","0","1","1","0","0","0","0","0","0","0","0","0","A1","A1","A2","A3","A2","A2","5","A1","2.75","1.75","0.2","1.2","92.25","9.25","","","","10.65","","","39.97","","","","","32.38","","","",""
"604","2021-05-28 09:50:34","4","en","26437586","2021-05-28 09:48:41","2021-05-28 09:50:34","37","A1","A1","A2","0","0","0","0","0","0","0","0","0","0","0","0","1","A3","A1","A3","A5","A2","A3","15","A1","2","2","0.5","1.2","116.25","13.54","","","","16.85","","","35.94","","","","","49.92","","","",""
"605","2021-05-28 09:52:55","4","en","1188997540","2021-05-28 09:48:41","2021-05-28 09:52:55","36","A2","A1","A3","0","0","1","0","0","0","0","0","0","0","1","1","0","A2","A1","A3","A3","A3","A3","2","A7","0.75","1.2","0.6","0.75","257.51","24.95","","","","47.94","","","99.63","","","","","84.99","","","",""
"606","2021-05-28 09:51:46","4","en","346779767","2021-05-28 09:48:41","2021-05-28 09:51:46","25","A2","A1","A3","0","0","0","1","0","0","0","0","0","0","0","0","0","A3","A1","A2","A2","A3","A2","30","A1","1.3","1","0.4","0.9","186.4","25","","","","23.47","","","45.26","","","","","92.67","","","",""
"607","2021-05-28 09:51:05","4","en","998807476","2021-05-28 09:48:46","2021-05-28 09:51:05","29","A2","A1","A2","0","0","1","0","0","0","0","0","0","0","0","0","0","A2","A1","A2","A2","A3","A4","3","A1","2","2","0.5","1","140.24","11.09","","","","23.89","","","42.06","","","","","63.2","","","",""
"608","2021-05-28 09:51:22","4","en","387553493","2021-05-28 09:48:49","2021-05-28 09:51:22","26","A1","A1","A2","0","0","0","0","0","0","0","0","0","1","0","0","0","A2","A2","A2","A4","A3","A1","3","A6","3.5","2.5","0.5","1.45","155.34","15.36","","","","21.85","","","42.86","","","","","75.27","","","",""
"609","2021-05-28 09:51:00","4","en","1935230633","2021-05-28 09:48:54","2021-05-28 09:51:00","25","A1","A1","A1","","","","","","","","","","","","","","A1","A1","A1","A4","A4","A3","0","A3","2.25","1.75","1","1.3","127.95","15.56","","","","5.95","","","36.36","","","","","70.08","","","",""
"610","2021-05-28 09:51:38","4","en","872381754","2021-05-28 09:48:58","2021-05-28 09:51:38","24","A2","A2","A1","","","","","","","","","","","","","","A1","A2","A5","A2","A3","A2","2","A1","2","1","0.3","0.5","162.6","25.72","","","","12.56","","","56.4","","","","","67.92","","","",""
"611","2021-05-28 09:51:27","4","en","1097110080","2021-05-28 09:49:00","2021-05-28 09:51:27","19","A1","A1","A3","0","0","0","0","0","0","0","0","0","1","0","0","0","A2","A1","A3","A2","A2","A3","2","A1","2","1.5","0.3","1.2","148.25","40.04","","","","12.72","","","45.07","","","","","50.42","","","",""
"612","2021-05-28 09:51:31","4","en","2051177158","2021-05-28 09:49:05","2021-05-28 09:51:30","43","A1","A1","A1","","","","","","","","","","","","","","A1","A1","A4","A3","A3","A2","10","A6","1","0.99","0.35","0.85","146.57","12.01","","","","6.39","","","44.17","","","","","84","","","",""
"613","2021-05-28 09:52:03","4","en","2028698144","2021-05-28 09:49:10","2021-05-28 09:52:03","40","A2","A1","A2","0","0","0","0","0","0","0","0","0","0","0","0","1","A2","A1","A3","A5","A3","A3","5","A1","4","3","0.4","1.5","174.11","12.47","","","","30.24","","","87.19","","","","","44.21","","","",""
"614","2021-05-28 09:51:50","4","en","256436008","2021-05-28 09:49:14","2021-05-28 09:51:50","28","A1","A1","A2","0","0","1","0","0","1","0","0","0","0","0","0","0","A4","A1","A1","A2","A3","A1","8","A3","3","2","0.75","1.2","158.2","10.44","","","","28.38","","","55.74","","","","","63.64","","","",""
"615","2021-05-28 09:51:38","4","en","652082724","2021-05-28 09:49:24","2021-05-28 09:51:38","21","A2","A1","A2","0","0","1","0","0","0","0","0","0","1","0","0","0","A3","A1","A3","A2","A2","A2","3","A1","5","2","1.7","2","136.44","15.64","","","","10.3","","","32.53","","","","","77.97","","","",""
"616","2021-05-28 09:51:41","4","en","41092756","2021-05-28 09:49:36","2021-05-28 09:51:41","28","A2","A1","A1","","","","","","","","","","","","","","A2","A1","A5","A2","A2","A5","2","A1","1.5","1","0.4","0.75","126.58","13.3","","","","10.8","","","49.29","","","","","53.19","","","",""
"617","2021-05-28 09:52:14","4","en","2024627776","2021-05-28 09:49:48","2021-05-28 09:52:14","25","A2","A1","A3","0","0","1","0","0","0","0","0","0","1","0","0","0","A1","A2","A1","A3","A4","A2","1","A1","1.5","1","0.6","0.75","148.61","17.96","","","","24.91","","","44.55","","","","","61.19","","","",""
"618","2021-05-28 09:52:11","4","en","1970001826","2021-05-28 09:50:01","2021-05-28 09:52:11","21","A2","A1","A1","","","","","","","","","","","","","","A2","A1","A1","A2","A2","A1","3","A1","1","1","0.5","1","131.96","10.49","","","","7.43","","","25.9","","","","","88.14","","","",""
"619","2021-05-28 09:56:38","4","en","1589952235","2021-05-28 09:50:32","2021-05-28 09:56:38","28","A1","A1","A3","0","0","1","0","0","1","0","0","0","0","0","0","0","A1","A2","A1","A3","A3","A2","2","A7","1.5","1","0.5","1","367.06","24","","","","195.45","","","87.1","","","","","60.51","","","",""
"620","2021-05-28 09:53:45","4","en","704756250","2021-05-28 09:52:14","2021-05-28 09:53:45","36","A2","A1","A3","0","0","0","1","0","0","0","0","0","0","0","0","0","A3","A1","A2","A3","A3","A2","5","A1","1.5","1.5","0.8","1.5","92.77","12.58","","","","11.26","","","31.64","","","","","37.29","","","",""
"621","2021-05-28 10:01:35","4","en","907596011","2021-05-28 09:59:25","2021-05-28 10:01:35","31","1","1","A1","","","","","","","","","","","","","","A3","A1","A3","A1","A4","A3","3","A1","1.5","1.2","0.75","1","131.73","13.19","","","","6.81","","","53.42","","","","","58.31","","","",""
"622","2021-05-28 10:00:54","4","en","1947909463","2021-05-28 09:59:26","2021-05-28 10:00:54","31","1","1","A1","","","","","","","","","","","","","","A3","A1","A5","A3","A5","A2","5","A1","3","2","0.25","1.25","90.28","10.65","","","","10.74","","","28.82","","","","","40.07","","","",""
"623","2021-05-28 10:02:52","4","en","770111587","2021-05-28 09:59:52","2021-05-28 10:02:52","26","1","1","A1","","","","","","","","","","","","","","A2","A1","A3","A3","A3","A2","7","A1","0.8","2","0.4","1","181.1","111.09","","","","9.32","","","27.65","","","","","33.04","","","",""
"624","2021-05-28 10:10:24","4","en","1801684959","2021-05-28 10:07:39","2021-05-28 10:10:24","22","1","1","A1","","","","","","","","","","","","","","A3","A1","A5","A2","A3","A4","5","A1","2","1.5","50","75","166.36","12.41","","","","51.98","","","40.35","","","","","61.62","","","",""

